cluster,gene,p_val,avg_logFC,pct.1,pct.2,p_val_adj,,
Superficial Epithelial,si:ch211-207n23.2,0,3.783525938,0.983,0.256,0,,
Superficial Epithelial,zgc:111983,0,3.634557684,0.987,0.295,0,,
Superficial Epithelial,CABZ01088053.1,0,3.398963988,0.935,0.188,0,,
Superficial Epithelial,krt1-19d,0,3.254499389,0.877,0.123,0,,
Superficial Epithelial,si:dkey-247k7.2,0,3.182882464,0.961,0.117,0,,
Superficial Epithelial,cldne,0,3.068288563,0.982,0.149,0,,
Superficial Epithelial,gig2l,0,3.018675929,0.514,0.165,0,,
Superficial Epithelial,si:ch211-157c3.4,0,2.870359334,0.983,0.268,0,,
Superficial Epithelial,CABZ01072255.2,0,2.858588107,0.876,0.105,0,,
Superficial Epithelial,si:ch211-217k17.10,0,2.838414972,0.886,0.096,0,,
Superficial Epithelial,mid1ip1a,0,2.732965168,0.975,0.339,0,,
Superficial Epithelial,si:dkey-7c18.24,0,2.686304314,0.825,0.077,0,,
Superficial Epithelial,si:dkeyp-1h4.6,0,2.650668008,0.92,0.12,0,,
Superficial Epithelial,si:ch211-153b23.5,0,2.644408567,0.702,0.13,0,,
Superficial Epithelial,zgc:193505,0,2.599861935,0.998,0.608,0,,
Superficial Epithelial,zgc:163079,0,2.538828306,0.691,0.049,0,,
Superficial Epithelial,agr1,0,2.451020134,0.977,0.183,0,,
Superficial Epithelial,lye,0,2.375316203,0.759,0.082,0,,
Superficial Epithelial,si:dkey-87o1.2,0,2.217732878,0.949,0.106,0,,
Superficial Epithelial,si:ch73-329n5.2,0,2.206607376,0.744,0.026,0,,
Superficial Epithelial,si:dkey-193p11.2,0,2.184572606,1,0.865,0,,
Superficial Epithelial,si:ch211-217k17.9,0,2.17725517,0.721,0.049,0,,
Superficial Epithelial,nkx3-1,0,2.156140446,0.844,0.057,0,,
Superficial Epithelial,stard14,0,2.098049858,0.964,0.174,0,,
Superficial Epithelial,ogfrl2,0,2.054368869,0.65,0.18,0,,
Superficial Epithelial,si:ch211-95j8.2,0,2.036446757,0.858,0.062,0,,
Superficial Epithelial,ENSDARG00000043442,0,2.018000262,0.985,0.373,0,,
Superficial Epithelial,si:ch211-69b7.6,0,1.980342688,0.93,0.214,0,,
Superficial Epithelial,icn2,0,1.968508815,1,0.803,0,,
Superficial Epithelial,si:ch211-79k12.1,0,1.953033836,0.985,0.253,0,,
Superficial Epithelial,si:ch73-204p21.2,0,1.905277116,0.946,0.135,0,,
Superficial Epithelial,soul2,0,1.893488458,0.802,0.033,0,,
Superficial Epithelial,nos2a,0,1.881926406,0.712,0.06,0,,
Superficial Epithelial,hopx,0,1.870240989,0.947,0.292,0,,
Superficial Epithelial,sult2st3,0,1.816678127,0.42,0.022,0,,
Superficial Epithelial,CABZ01027551.2,0,1.804567683,0.866,0.181,0,,
Superficial Epithelial,si:ch211-98n17.5,0,1.803285607,0.908,0.059,0,,
Superficial Epithelial,si:dkey-56e3.2,0,1.78390506,0.879,0.095,0,,
Superficial Epithelial,gmds,0,1.769398619,0.95,0.273,0,,
Superficial Epithelial,stx11b.1,0,1.750473942,0.826,0.028,0,,
Superficial Epithelial,si:ch211-117m20.5,0,1.72294443,0.848,0.214,0,,
Superficial Epithelial,si:ch211-195b11.3,0,1.715868081,0.999,0.52,0,,
Superficial Epithelial,krt17,0,1.710923505,0.692,0.284,0,,
Superficial Epithelial,si:busm1-194e12.12,0,1.654872473,0.614,0.211,0,,
Superficial Epithelial,si:ch73-329n5.3,0,1.627723623,0.701,0.013,0,,
Superficial Epithelial,zgc:110333,0,1.624790785,0.867,0.038,0,,
Superficial Epithelial,ppl,0,1.610266134,0.938,0.203,0,,
Superficial Epithelial,anxa1b,0,1.582582129,0.977,0.294,0,,
Superficial Epithelial,zgc:158852,0,1.547024582,0.7,0.102,0,,
Superficial Epithelial,si:ch73-329n5.6,0,1.521932834,0.836,0.061,0,,
Superficial Epithelial,evpla,0,1.518210646,0.935,0.211,0,,
Superficial Epithelial,si:dkey-188i13.6,0,1.496150645,0.939,0.287,0,,
Superficial Epithelial,zgc:152791,0,1.486290636,0.931,0.419,0,,
Superficial Epithelial,mhc1zba,0,1.479943063,1,0.918,0,,
Superficial Epithelial,cldnf,0,1.458229385,0.891,0.052,0,,
Superficial Epithelial,si:dkeyp-51b9.3,0,1.445841454,0.685,0.018,0,,
Superficial Epithelial,chac1,0,1.441444684,0.951,0.768,0,,
Superficial Epithelial,elovl1a,0,1.43679747,0.928,0.257,0,,
Superficial Epithelial,apodb,0,1.436038694,0.679,0.027,0,,
Superficial Epithelial,cd74b,0,1.429405914,0.998,0.663,0,,
Superficial Epithelial,spint2,0,1.418603085,0.993,0.592,0,,
Superficial Epithelial,tob1b,0,1.414168589,0.95,0.575,0,,
Superficial Epithelial,si:dkey-17e16.17,0,1.409900423,0.743,0.082,0,,
Superficial Epithelial,ubb,0,1.394215733,0.997,0.9,0,,
Superficial Epithelial,wu:fc34e06,0,1.379075735,0.74,0.091,0,,
Superficial Epithelial,mhc1uba,0,1.363587579,0.915,0.858,0,,
Superficial Epithelial,hsd17b12a,0,1.361422948,0.884,0.143,0,,
Superficial Epithelial,si:ch73-347e22.8,0,1.360987309,0.874,0.081,0,,
Superficial Epithelial,si:dkey-162h11.2,0,1.355451834,0.47,0.025,0,,
Superficial Epithelial,si:ch211-125o16.4,0,1.353008775,0.752,0.04,0,,
Superficial Epithelial,plekhf1,0,1.326362614,0.635,0.123,0,,
Superficial Epithelial,sepw2b,0,1.319467833,0.954,0.31,0,,
Superficial Epithelial,vamp8,0,1.311233745,0.922,0.299,0,,
Superficial Epithelial,bik,0,1.303834461,0.904,0.202,0,,
Superficial Epithelial,elf3,0,1.288640339,0.735,0.16,0,,
Superficial Epithelial,tmprss13b,0,1.276194265,0.782,0.106,0,,
Superficial Epithelial,zgc:154040,0,1.273462873,0.716,0.031,0,,
Superficial Epithelial,b2m,0,1.258543799,1,0.99,0,,
Superficial Epithelial,abcb5,0,1.252469945,0.636,0.016,0,,
Superficial Epithelial,AL929237.1,0,1.248906731,0.643,0.016,0,,
Superficial Epithelial,b2ml,0,1.242619324,1,0.871,0,,
Superficial Epithelial,chmp4c,0,1.242315577,0.793,0.169,0,,
Superficial Epithelial,si:dkey-33i11.9,0,1.240691774,0.721,0.037,0,,
Superficial Epithelial,nqo1,0,1.235410389,0.79,0.037,0,,
Superficial Epithelial,anxa3a,0,1.228565143,0.809,0.047,0,,
Superficial Epithelial,scinlb,0,1.205090804,0.934,0.426,0,,
Superficial Epithelial,si:ch211-202f5.3,0,1.204043969,0.897,0.268,0,,
Superficial Epithelial,zgc:194101,0,1.190950251,0.324,0.027,0,,
Superficial Epithelial,FO904881.1,0,1.187097401,1,0.917,0,,
Superficial Epithelial,cd74a,0,1.168640443,0.998,0.652,0,,
Superficial Epithelial,sepw1,0,1.152265544,0.999,0.955,0,,
Superficial Epithelial,sqstm1,0,1.140964107,0.851,0.468,0,,
Superficial Epithelial,si:busm1-48c11.3,0,1.140443971,0.586,0.206,0,,
Superficial Epithelial,oclnb,0,1.137608403,0.88,0.187,0,,
Superficial Epithelial,ponzr2,0,1.132843518,0.661,0.015,0,,
Superficial Epithelial,tnks1bp1,0,1.131159805,0.834,0.134,0,,
Superficial Epithelial,sec23b,0,1.118050449,0.761,0.224,0,,
Superficial Epithelial,CU914622.2,0,1.111221084,0.621,0.015,0,,
Superficial Epithelial,zgc:92242,0,1.110138422,0.89,0.336,0,,
Superficial Epithelial,si:ch211-188p14.4,0,1.109090998,0.584,0.017,0,,
Superficial Epithelial,zgc:153284,0,1.106040601,0.999,0.767,0,,
Superficial Epithelial,si:dkey-223p19.1,0,1.104793705,0.544,0.017,0,,
Superficial Epithelial,lmo7a,0,1.10123658,0.84,0.196,0,,
Superficial Epithelial,si:ch211-173d10.1,0,1.092691439,0.889,0.189,0,,
Superficial Epithelial,mhc2dab,0,1.091944385,0.726,0.193,0,,
Superficial Epithelial,capn9,0,1.089029985,0.895,0.264,0,,
Superficial Epithelial,UBB,0,1.079379053,1,0.968,0,,
Superficial Epithelial,sh3d21,0,1.078220514,0.845,0.231,0,,
Superficial Epithelial,lgals3bpa,0,1.071215361,0.58,0.017,0,,
Superficial Epithelial,wu:fb18f06,0,1.064720027,1,0.72,0,,
Superficial Epithelial,eps8l1,0,1.060195558,0.733,0.031,0,,
Superficial Epithelial,zgc:123068,0,1.054365137,0.903,0.614,0,,
Superficial Epithelial,si:busm1-266f07.2,0,1.043628527,0.998,0.636,0,,
Superficial Epithelial,glulb,0,1.037936433,0.991,0.822,0,,
Superficial Epithelial,sox3,0,1.035687474,0.732,0.125,0,,
Superficial Epithelial,si:dkey-73p2.1,0,1.033158079,0.751,0.057,0,,
Superficial Epithelial,dbnla,0,1.028493318,0.865,0.147,0,,
Superficial Epithelial,si:dkey-73p2.3,0,1.023621999,0.742,0.056,0,,
Superficial Epithelial,clic3,0,1.007104099,0.886,0.275,0,,
Superficial Epithelial,galnt7,0,1.003294292,0.843,0.261,0,,
Superficial Epithelial,chac2,0,0.994065581,0.581,0.065,0,,
Superficial Epithelial,znf185,0,0.991788905,0.757,0.131,0,,
Superficial Epithelial,scel,0,0.989653672,0.859,0.27,0,,
Superficial Epithelial,degs2,0,0.983168861,0.73,0.096,0,,
Superficial Epithelial,fuca2,0,0.981299578,0.899,0.329,0,,
Superficial Epithelial,ca2,0,0.977026589,0.689,0.276,0,,
Superficial Epithelial,anxa1c,0,0.966281285,0.965,0.54,0,,
Superficial Epithelial,tmem176l.4,0,0.964570927,0.963,0.69,0,,
Superficial Epithelial,tgm5l,0,0.949847582,0.706,0.211,0,,
Superficial Epithelial,rhcgl1,0,0.943428499,0.689,0.087,0,,
Superficial Epithelial,si:dkey-239b22.1,0,0.941354915,0.539,0.015,0,,
Superficial Epithelial,cldnb,0,0.937382948,1,0.848,0,,
Superficial Epithelial,si:ch211-226h7.5,0,0.936575482,0.28,0.011,0,,
Superficial Epithelial,si:dkeyp-86h10.3,0,0.929786788,0.518,0.018,0,,
Superficial Epithelial,styk1,0,0.928340663,0.721,0.077,0,,
Superficial Epithelial,ENSDARG00000069505,0,0.912732991,0.618,0.026,0,,
Superficial Epithelial,ENSDARG00000102554,0,0.907800838,0.707,0.131,0,,
Superficial Epithelial,arhgdig,0,0.907285538,0.897,0.498,0,,
Superficial Epithelial,tmem45b,0,0.903826209,0.704,0.044,0,,
Superficial Epithelial,ildr1a,0,0.902808059,0.844,0.242,0,,
Superficial Epithelial,si:dkey-175d9.2,0,0.898282986,0.658,0.022,0,,
Superficial Epithelial,ftr83,0,0.862691737,0.638,0.085,0,,
Superficial Epithelial,zgc:103700,0,0.86152144,0.781,0.278,0,,
Superficial Epithelial,gcnt4a,0,0.850246753,0.693,0.145,0,,
Superficial Epithelial,elovl7a,0,0.847339971,0.654,0.066,0,,
Superficial Epithelial,pitpnaa,0,0.840856244,0.898,0.544,0,,
Superficial Epithelial,fuca1.1,0,0.837606727,0.796,0.341,0,,
Superficial Epithelial,si:ch211-286b5.5,0,0.835749492,0.983,0.802,0,,
Superficial Epithelial,gna14,0,0.833237114,0.613,0.026,0,,
Superficial Epithelial,rasgef1ba,0,0.829167006,0.638,0.192,0,,
Superficial Epithelial,egfp,0,0.819753648,0.517,0.028,0,,
Superficial Epithelial,gabarapl2,0,0.819042109,0.861,0.416,0,,
Superficial Epithelial,si:dkey-221j11.3,0,0.817795353,0.546,0.018,0,,
Superficial Epithelial,gale,0,0.807050956,0.761,0.32,0,,
Superficial Epithelial,rnf128a,0,0.806056963,0.767,0.221,0,,
Superficial Epithelial,myzap,0,0.791575852,0.643,0.077,0,,
Superficial Epithelial,ponzr10,0,0.79007949,0.297,0.006,0,,
Superficial Epithelial,cd9b,0,0.788644263,0.999,0.894,0,,
Superficial Epithelial,aldob,0,0.786120327,0.82,0.352,0,,
Superficial Epithelial,mcl1a,0,0.78595892,1,0.993,0,,
Superficial Epithelial,chmp5b,0,0.784204478,0.99,0.847,0,,
Superficial Epithelial,s100w,0,0.783203478,0.916,0.734,0,,
Superficial Epithelial,capns1a,0,0.781862022,0.989,0.8,0,,
Superficial Epithelial,gnpnat1,0,0.780845547,0.737,0.302,0,,
Superficial Epithelial,krt4,0,0.75565421,0.997,0.89,0,,
Superficial Epithelial,zgc:153911,0,0.753106621,0.969,0.622,0,,
Superficial Epithelial,rnf213a,0,0.75081408,0.834,0.464,0,,
Superficial Epithelial,ENSDARG00000070746,0,0.748903438,0.588,0.011,0,,
Superficial Epithelial,zgc:174863,0,0.742666344,0.805,0.438,0,,
Superficial Epithelial,ENSDARG00000034211,0,0.733803349,0.716,0.25,0,,
Superficial Epithelial,si:ch73-52f15.5,0,0.73345642,0.571,0.014,0,,
Superficial Epithelial,papss2a,0,0.733045363,0.409,0.025,0,,
Superficial Epithelial,gnb1a,0,0.728292751,0.919,0.677,0,,
Superficial Epithelial,ENSDARG00000054814,0,0.728223117,0.645,0.14,0,,
Superficial Epithelial,osbpl7,0,0.72506448,0.67,0.134,0,,
Superficial Epithelial,si:ch211-197g15.7,0,0.722271207,0.679,0.126,0,,
Superficial Epithelial,rhpn2,0,0.72074567,0.67,0.167,0,,
Superficial Epithelial,cast,0,0.718591723,0.904,0.588,0,,
Superficial Epithelial,chmp1b,0,0.717323844,0.96,0.73,0,,
Superficial Epithelial,arpc1a,0,0.71133882,0.943,0.759,0,,
Superficial Epithelial,dhrs13l1,0,0.710960204,0.73,0.3,0,,
Superficial Epithelial,capns1b,0,0.710512787,0.976,0.852,0,,
Superficial Epithelial,cx30.3,0,0.705617807,0.511,0.071,0,,
Superficial Epithelial,tmem176l.3b,0,0.705551524,0.662,0.113,0,,
Superficial Epithelial,si:ch73-31d8.2,0,0.704399946,0.476,0.016,0,,
Superficial Epithelial,nipa2,0,0.699175714,0.847,0.418,0,,
Superficial Epithelial,cldn7b,0,0.697643279,0.916,0.529,0,,
Superficial Epithelial,dusp5,0,0.686811131,0.949,0.75,0,,
Superficial Epithelial,si:dkey-228d14.5,0,0.676706097,0.544,0.013,0,,
Superficial Epithelial,rab25a,0,0.671821786,0.744,0.257,0,,
Superficial Epithelial,chmp2bb,0,0.671734692,0.886,0.509,0,,
Superficial Epithelial,csnk1da,0,0.671662487,0.785,0.353,0,,
Superficial Epithelial,plcd1a,0,0.671472451,0.628,0.166,0,,
Superficial Epithelial,epcam,0,0.671374192,1,0.913,0,,
Superficial Epithelial,cyba,0,0.67095284,0.681,0.199,0,,
Superficial Epithelial,ifi30,0,0.667520739,0.948,0.619,0,,
Superficial Epithelial,zgc:194655,0,0.665517622,0.365,0.061,0,,
Superficial Epithelial,tprg1,0,0.665391866,0.651,0.075,0,,
Superficial Epithelial,vps4b,0,0.662724006,0.903,0.571,0,,
Superficial Epithelial,ezrb,0,0.654139953,0.709,0.303,0,,
Mucosal-like,si:ch73-359m17.5,0,3.009314945,0.757,0.018,0,,
Mucosal-like,si:ch73-359m17.7,0,2.95628444,0.723,0.014,0,,
Mucosal-like,cldnh,0,2.806341597,0.858,0.031,0,,
Mucosal-like,gng13a,0,2.422745713,0.453,0.012,0,,
Mucosal-like,si:ch211-152c2.3,0,2.209991061,0.405,0.013,0,,
Mucosal-like,si:ch73-343g19.4,0,1.925771228,0.27,0.004,0,,
Mucosal-like,si:ch73-359m17.9,0,1.690850276,0.318,0.004,0,,
Mucosal-like,prr15la,0,1.325637781,0.378,0.01,0,,
Mucosal-like,si:dkeyp-117b11.1,0,1.251498536,0.635,0.006,0,,
Mucosal-like,vil1,0,1.128014065,0.432,0.006,0,,
Mucosal-like,zmp:0000000884,0,1.124757853,0.318,0.002,0,,
Mucosal-like,pou2f3,0,1.114770707,0.642,0.012,0,,
Mucosal-like,btk,0,1.114202635,0.473,0.009,0,,
Mucosal-like,ponzr6,0,0.948021059,0.486,0.005,0,,
Mucosal-like,chia.6,0,0.927271483,0.27,0.002,0,,
Mucosal-like,si:ch211-112g6.4,0,0.926255341,0.385,0.004,0,,
Mucosal-like,zgc:158412,0,0.877022585,0.412,0.006,0,,
Mucosal-like,opn1sw2,0,0.855200578,0.264,0.002,0,,
Mucosal-like,prox1a,0,0.83552298,0.541,0.009,0,,
Mucosal-like,plcg2,0,0.725310051,0.541,0.021,0,,
Mucosal-like,si:ch73-359m17.6,0,0.675474388,0.372,0.003,0,,
Mucosal-like,zmp:0000001233,0,0.64786287,0.331,0.008,0,,
Mucosal-like,capn8,0,0.637709524,0.365,0.005,0,,
Mucosal-like,hepacam2,0,0.590234511,0.385,0.011,0,,
Mucosal-like,si:dkey-28d5.13,0,0.532813009,0.365,0.006,0,,
Mucosal-like,ptprja,0,0.526311338,0.432,0.005,0,,
Mucosal-like,BX664625.1,0,0.495510054,0.338,0.004,0,,
Mucosal-like,cmtm8a,0,0.455178834,0.324,0.003,0,,
Mucosal-like,skap1,0,0.393973004,0.297,0.002,0,,
Mucosal-like,pip5k1ba,0,0.355739901,0.284,0.003,0,,
Mucosal-like,rgs13,3.14E-280,1.352506335,0.709,0.05,5.90E-276,,
Mucosal-like,fybb,1.44E-264,0.887411173,0.507,0.026,2.71E-260,,
Mucosal-like,tuba1c,1.90E-242,1.370605439,0.351,0.013,3.57E-238,,
Mucosal-like,ENSDARG00000041339,2.41E-236,2.412721279,0.838,0.09,4.53E-232,,
Mucosal-like,calm1b,5.18E-224,1.203088507,0.764,0.077,9.73E-220,,
Mucosal-like,hck,5.08E-219,0.537138641,0.419,0.021,9.53E-215,,
Mucosal-like,agr2,6.11E-215,2.526833263,0.446,0.025,1.15E-210,,
Mucosal-like,BX004816.1,8.74E-215,0.966946177,0.446,0.025,1.64E-210,,
Mucosal-like,grap2b,9.73E-206,0.856977381,0.628,0.052,1.83E-201,,
Mucosal-like,wasa,5.14E-197,0.634580509,0.284,0.01,9.64E-193,,
Mucosal-like,bcl6a,1.37E-191,0.66630173,0.365,0.018,2.58E-187,,
Mucosal-like,lad1,2.16E-162,0.740203488,0.358,0.021,4.06E-158,,
Mucosal-like,zgc:101715,1.70E-150,1.008014203,0.595,0.066,3.19E-146,,
Mucosal-like,grasp,1.19E-138,0.514394135,0.453,0.039,2.24E-134,,
Mucosal-like,il12bb,6.66E-137,1.144354116,0.257,0.013,1.25E-132,,
Mucosal-like,lcp1,1.66E-126,1.347799035,0.507,0.054,3.12E-122,,
Mucosal-like,tprg1,1.29E-114,1.668321384,0.757,0.151,2.42E-110,,
Mucosal-like,ncf1,5.90E-110,0.903034279,0.284,0.02,1.11E-105,,
Mucosal-like,nipal4,2.50E-104,0.516016679,0.297,0.022,4.69E-100,,
Mucosal-like,ehf,1.74E-103,1.62594691,0.432,0.05,3.27E-99,,
Mucosal-like,aldh1a3,1.31E-101,3.019459196,0.331,0.03,2.46E-97,,
Mucosal-like,eml2,2.75E-94,2.028727518,0.784,0.206,5.16E-90,,
Mucosal-like,bik,7.28E-83,1.186214524,0.905,0.296,1.37E-78,,
Mucosal-like,ptpn6,5.52E-81,0.629020526,0.432,0.059,1.04E-76,,
Mucosal-like,si:ch211-71m22.1,5.80E-81,0.595282376,0.419,0.057,1.09E-76,,
Mucosal-like,hsh2d,1.83E-76,0.490963124,0.412,0.056,3.43E-72,,
Mucosal-like,crhbp,1.05E-74,0.608243721,0.264,0.024,1.97E-70,,
Mucosal-like,spink4,8.65E-74,0.665007297,0.324,0.038,1.62E-69,,
Mucosal-like,marcksl1b,1.66E-72,1.024881995,0.628,0.145,3.11E-68,,
Mucosal-like,si:dkey-29h14.10,6.16E-70,0.448198555,0.257,0.025,1.16E-65,,
Mucosal-like,tpd52l1,2.52E-68,0.465211216,0.351,0.047,4.72E-64,,
Mucosal-like,tuba1a,4.30E-64,1.526873291,0.372,0.058,8.06E-60,,
Mucosal-like,parvg,3.71E-58,0.353029594,0.257,0.029,6.97E-54,,
Mucosal-like,coro1a,1.52E-57,1.124400777,0.419,0.075,2.84E-53,,
Mucosal-like,si:dkey-53k12.2,4.33E-56,0.539017183,0.277,0.035,8.14E-52,,
Mucosal-like,skap2,8.15E-55,0.594908403,0.284,0.038,1.53E-50,,
Mucosal-like,sh3bgrl,1.00E-54,0.869987497,0.568,0.157,1.89E-50,,
Mucosal-like,zgc:101744,1.44E-53,0.771841715,0.399,0.076,2.70E-49,,
Mucosal-like,kctd12.2,2.20E-53,1.209846228,0.459,0.102,4.12E-49,,
Mucosal-like,rhogb,4.54E-53,0.653332519,0.541,0.134,8.52E-49,,
Mucosal-like,gng10,4.69E-53,0.502877176,0.392,0.069,8.80E-49,,
Mucosal-like,zgc:123107,2.80E-52,1.014848527,0.676,0.233,5.26E-48,,
Mucosal-like,gig2l,2.35E-50,1.614395025,0.649,0.211,4.41E-46,,
Mucosal-like,foxp1b,9.35E-49,0.63788627,0.324,0.055,1.75E-44,,
Mucosal-like,zgc:174906,7.67E-48,0.445507948,0.365,0.068,1.44E-43,,
Mucosal-like,si:dkey-262k9.4,1.81E-46,0.471111205,0.27,0.039,3.39E-42,,
Mucosal-like,cxcr4b,3.32E-46,1.106415894,0.635,0.212,6.23E-42,,
Mucosal-like,ENSDARG00000023868,4.40E-45,0.510925871,0.432,0.099,8.27E-41,,
Mucosal-like,spi1a,6.69E-43,0.721013728,0.297,0.05,1.26E-38,,
Mucosal-like,ptmaa,1.49E-42,1.251239707,0.966,0.926,2.79E-38,,
Mucosal-like,psme2,2.45E-42,0.850863676,0.946,0.742,4.59E-38,,
Mucosal-like,psmb8a,5.93E-42,0.89709926,0.959,0.727,1.11E-37,,
Mucosal-like,icn,6.92E-42,1.077903147,1,1,1.30E-37,,
Mucosal-like,si:dkey-87o1.2,1.22E-41,0.416943216,0.723,0.221,2.29E-37,,
Mucosal-like,padi2,4.35E-41,0.418388335,0.399,0.088,8.17E-37,,
Mucosal-like,ethe1,6.74E-41,0.593855866,0.459,0.122,1.26E-36,,
Mucosal-like,fam49a,1.39E-39,0.635750149,0.48,0.138,2.60E-35,,
Mucosal-like,ENSDARG00000068233,2.07E-39,0.787644889,0.324,0.062,3.88E-35,,
Mucosal-like,si:ch73-234b20.5,9.36E-39,0.78845154,0.764,0.423,1.76E-34,,
Mucosal-like,mapre1a,9.89E-39,0.765807513,0.689,0.297,1.86E-34,,
Mucosal-like,ap1s3b,1.05E-38,0.696933523,0.581,0.202,1.98E-34,,
Mucosal-like,spry2,1.01E-37,0.482012948,0.311,0.061,1.90E-33,,
Mucosal-like,ckbb,2.93E-37,1.471323867,0.709,0.346,5.50E-33,,
Mucosal-like,si:ch211-212k18.7,3.55E-37,0.463036309,0.804,0.372,6.67E-33,,
Mucosal-like,si:ch1073-443f11.2,3.78E-37,0.708421757,0.642,0.252,7.10E-33,,
Mucosal-like,si:ch73-158p21.3,7.60E-37,0.786911509,0.514,0.16,1.43E-32,,
Mucosal-like,cd74a,2.38E-35,0.99334257,0.973,0.698,4.46E-31,,
Mucosal-like,rab11fip4b,9.47E-35,0.428754529,0.372,0.09,1.78E-30,,
Mucosal-like,zgc:113425,1.23E-34,0.276704841,0.257,0.045,2.31E-30,,
Mucosal-like,ifi30,3.10E-34,0.959894395,0.892,0.663,5.82E-30,,
Mucosal-like,b2m,4.22E-34,0.588878184,1,0.992,7.92E-30,,
Mucosal-like,dnase1l4.1,6.63E-34,0.61861623,0.27,0.051,1.24E-29,,
Mucosal-like,s100v1,7.49E-34,0.621727941,0.399,0.106,1.41E-29,,
Mucosal-like,cfl1,8.36E-34,0.918979874,0.899,0.538,1.57E-29,,
Mucosal-like,foxc1b,4.02E-33,0.371569467,0.264,0.05,7.55E-29,,
Mucosal-like,si:busm1-266f07.2,9.86E-33,0.880578195,0.966,0.685,1.85E-28,,
Mucosal-like,zgc:91940,1.35E-32,0.447174401,0.331,0.078,2.53E-28,,
Mucosal-like,cox6b1,1.57E-32,0.664556343,0.75,0.384,2.95E-28,,
Mucosal-like,cd74b,2.35E-31,0.749850445,0.986,0.708,4.40E-27,,
Mucosal-like,pbxip1b,4.46E-31,0.528670769,0.426,0.13,8.37E-27,,
Mucosal-like,desi2,4.13E-30,0.948786633,0.358,0.102,7.76E-26,,
Mucosal-like,grn2,6.85E-30,4.805435261,0.338,0.091,1.29E-25,,
Mucosal-like,ubc,1.00E-29,0.574627598,1,0.982,1.88E-25,,
Mucosal-like,serpinb1,1.97E-28,0.41555543,0.459,0.152,3.70E-24,,
Mucosal-like,laptm5,2.37E-28,0.657096446,0.291,0.064,4.45E-24,,
Mucosal-like,ccr9a,5.31E-28,0.739308415,0.277,0.061,9.97E-24,,
Mucosal-like,pttg1ipb,8.06E-28,0.427368787,0.324,0.084,1.51E-23,,
Mucosal-like,gnal,9.57E-28,0.324374137,0.257,0.055,1.80E-23,,
Mucosal-like,cd83,1.39E-27,0.438179801,0.27,0.059,2.62E-23,,
Mucosal-like,ap1m2,4.69E-27,0.480996023,0.52,0.202,8.80E-23,,
Mucosal-like,cyb561a3a,6.51E-27,0.819003571,0.304,0.079,1.22E-22,,
Mucosal-like,rbp5,9.25E-27,1.331434346,0.345,0.102,1.74E-22,,
Mucosal-like,FO704661.1,1.51E-26,0.607200338,0.345,0.096,2.83E-22,,
Mucosal-like,csrp2,2.85E-26,0.369313633,0.257,0.057,5.35E-22,,
Mucosal-like,ctss2.2,3.63E-26,0.437711877,0.642,0.297,6.82E-22,,
Mucosal-like,s100u,1.53E-25,0.731025299,0.757,0.524,2.88E-21,,
Mucosal-like,si:dkey-33i11.9,2.89E-25,1.019371267,0.399,0.132,5.43E-21,,
Mucosal-like,gsto2,3.51E-25,0.781223807,0.791,0.545,6.60E-21,,
Mucosal-like,pip4k2ca,3.56E-25,0.52460341,0.568,0.252,6.68E-21,,
Mucosal-like,hacd3,3.80E-25,0.419000838,0.291,0.073,7.14E-21,,
Mucosal-like,mpeg1.1,5.86E-25,0.327998002,0.264,0.058,1.10E-20,,
Mucosal-like,rnf183,2.53E-24,0.296641163,0.318,0.084,4.74E-20,,
Mucosal-like,zbtb2b,2.93E-24,0.302583447,0.27,0.066,5.50E-20,,
Mucosal-like,gig2h,4.15E-24,0.534017053,0.257,0.061,7.80E-20,,
Mucosal-like,echdc2,8.64E-24,0.512125121,0.466,0.176,1.62E-19,,
Mucosal-like,aif1l,6.53E-23,0.734664536,0.264,0.068,1.23E-18,,
Mucosal-like,calm3b,3.64E-22,0.557671444,0.973,0.915,6.83E-18,,
Mucosal-like,grn1,5.13E-22,1.906830662,0.345,0.113,9.63E-18,,
Mucosal-like,id2b,6.19E-22,1.301785245,0.453,0.185,1.16E-17,,
Mucosal-like,nfe2l2a,6.50E-22,0.544552683,0.73,0.424,1.22E-17,,
Mucosal-like,f11r.1,1.26E-21,0.512313505,0.939,0.821,2.37E-17,,
Mucosal-like,ppp1r14bb,4.00E-21,0.605131203,0.73,0.467,7.51E-17,,
Mucosal-like,zgc:171695,5.90E-21,0.303493918,0.277,0.076,1.11E-16,,
Mucosal-like,ralbp1,1.16E-20,0.670542921,0.412,0.169,2.17E-16,,
Mucosal-like,zgc:153317,1.81E-20,0.636200135,0.892,0.773,3.41E-16,,
Mucosal-like,si:ch211-195b11.3,2.62E-20,0.684504645,0.912,0.585,4.92E-16,,
Mucosal-like,mhc1uba,2.80E-20,0.652956193,0.946,0.865,5.26E-16,,
Mucosal-like,irf7,4.79E-20,0.533853756,0.446,0.178,8.99E-16,,
Mucosal-like,hmgn2,5.50E-20,1.553438034,0.912,0.763,1.03E-15,,
Mucosal-like,scinlb,6.95E-20,0.848014089,0.73,0.496,1.30E-15,,
Mucosal-like,tubb4b,8.65E-20,0.95539115,0.986,0.967,1.62E-15,,
Mucosal-like,myclb,9.09E-20,0.403366581,0.257,0.07,1.71E-15,,
Mucosal-like,pde7a,1.00E-19,0.279761918,0.277,0.079,1.88E-15,,
Mucosal-like,fcer1gl,1.94E-19,0.376120693,0.27,0.072,3.64E-15,,
Mucosal-like,ywhabl,2.53E-19,0.560278507,0.953,0.938,4.76E-15,,
Mucosal-like,mhc2dab,5.87E-19,0.695216505,0.568,0.265,1.10E-14,,
Mucosal-like,CR936442.1,1.17E-18,0.866223851,0.453,0.197,2.20E-14,,
Mucosal-like,csk,1.54E-18,0.274554852,0.311,0.1,2.90E-14,,
Mucosal-like,litaf,1.73E-18,0.530574566,0.642,0.388,3.26E-14,,
Mucosal-like,anp32e,1.78E-18,0.439319201,0.48,0.216,3.35E-14,,
Mucosal-like,CR974440.2,1.85E-18,0.862140496,0.514,0.261,3.47E-14,,
Mucosal-like,psmb13a,5.07E-18,0.550342555,0.635,0.38,9.51E-14,,
Mucosal-like,sh3kbp1,1.01E-17,0.264691865,0.331,0.11,1.89E-13,,
Mucosal-like,anxa5b,2.48E-17,0.567192525,0.736,0.529,4.65E-13,,
Mucosal-like,si:ch211-286b5.5,3.52E-17,0.431669939,0.932,0.827,6.62E-13,,
Mucosal-like,psmb9a,4.01E-17,0.46948584,0.858,0.649,7.54E-13,,
Mucosal-like,zgc:103700,4.14E-17,0.755103223,0.628,0.346,7.77E-13,,
Mucosal-like,rassf6,1.02E-16,0.374293889,0.392,0.157,1.92E-12,,
Mucosal-like,atp2b1a,1.12E-16,0.464056304,0.372,0.145,2.10E-12,,
Mucosal-like,casz1,1.29E-16,0.387878795,0.486,0.228,2.42E-12,,
Mucosal-like,oaz1b,1.80E-16,0.41063336,0.986,0.948,3.37E-12,,
Mucosal-like,zgc:154054,1.92E-16,0.304897891,0.284,0.092,3.61E-12,,
Mucosal-like,CABZ01088053.1,1.93E-16,0.772068637,0.581,0.291,3.62E-12,,
Mucosal-like,psmb12,2.81E-16,0.435258044,0.892,0.682,5.28E-12,,
Mucosal-like,sept12,3.27E-16,0.347135448,0.331,0.123,6.13E-12,,
Mucosal-like,grb2b,3.69E-16,0.936725958,0.581,0.371,6.94E-12,,
Mucosal-like,spsb4b,4.21E-16,0.308667834,0.331,0.123,7.91E-12,,
Mucosal-like,myl9a,7.29E-16,0.74579489,0.291,0.105,1.37E-11,,
Mucosal-like,gabarapb,8.74E-16,0.48910038,0.838,0.701,1.64E-11,,
Mucosal-like,CR936442.2,2.14E-15,1.19250335,0.655,0.437,4.02E-11,,
Mucosal-like,si:busm1-194e12.12,2.28E-15,0.572766912,0.541,0.266,4.28E-11,,
Mucosal-like,tubb2b,2.40E-15,0.802301001,0.892,0.737,4.51E-11,,
Mucosal-like,sept6,2.72E-15,0.460398102,0.541,0.309,5.11E-11,,
Mucosal-like,ENSDARG00000090889,2.82E-15,0.542018539,0.676,0.443,5.28E-11,,
Mucosal-like,nup93,3.62E-15,0.354255459,0.331,0.13,6.80E-11,,
Mucosal-like,tuba1b,5.04E-15,0.676189807,0.446,0.22,9.45E-11,,
Mucosal-like,nfkbie,5.25E-15,0.511270088,0.588,0.352,9.85E-11,,
Mucosal-like,CT027980.1,7.86E-15,0.304534321,0.291,0.103,1.48E-10,,
Mucosal-like,creb3l3l,8.18E-15,0.390868535,0.615,0.379,1.54E-10,,
Mucosal-like,nfkb2,9.77E-15,0.390730053,0.351,0.146,1.83E-10,,
Mucosal-like,psme1,1.17E-14,0.473033838,0.858,0.707,2.19E-10,,
Mucosal-like,oclna,1.30E-14,0.355214209,0.858,0.671,2.44E-10,,
Mucosal-like,gm2a,1.67E-14,1.497398294,0.554,0.358,3.13E-10,,
Mucosal-like,si:busm1-48c11.3,2.16E-14,0.562271851,0.507,0.257,4.05E-10,,
Mucosal-like,zgc:162944,3.21E-14,0.450507771,0.919,0.865,6.03E-10,,
Mucosal-like,fam53b,3.95E-14,0.382472245,0.514,0.28,7.41E-10,,
Mucosal-like,fam177a1,3.96E-14,0.307625199,0.419,0.195,7.43E-10,,
Mucosal-like,hmgn7,5.46E-14,0.535926956,0.899,0.765,1.03E-09,,
Mucosal-like,gpx4b,8.29E-14,0.535253688,0.75,0.616,1.56E-09,,
Mucosal-like,tegt,9.62E-14,0.407204626,0.946,0.937,1.81E-09,,
Intermediate Epithelial,krt94,0,2.460201163,0.865,0.73,0,,
Intermediate Epithelial,krt93,0,1.827585966,0.782,0.375,0,,
Intermediate Epithelial,cldna,0,1.757018815,0.98,0.312,0,,
Intermediate Epithelial,krt5,0,1.51774084,1,0.999,0,,
Intermediate Epithelial,zgc:194948,0,1.428737474,0.932,0.177,0,,
Intermediate Epithelial,srd5a2a,0,1.419464033,0.927,0.314,0,,
Intermediate Epithelial,serpinb1l4,0,1.404505823,0.908,0.343,0,,
Intermediate Epithelial,gstp1,0,1.343818018,0.979,0.717,0,,
Intermediate Epithelial,krt17.1,0,1.279888531,0.998,0.854,0,,
Intermediate Epithelial,zgc:173729,0,1.264300719,0.688,0.104,0,,
Intermediate Epithelial,ccl27a,0,1.255463738,0.94,0.451,0,,
Intermediate Epithelial,cldnb,0,1.247445647,1,0.81,0,,
Intermediate Epithelial,pkp1b,0,1.239462649,0.947,0.64,0,,
Intermediate Epithelial,anxa1c,0,1.201730335,0.865,0.479,0,,
Intermediate Epithelial,rhov,0,1.168601495,0.937,0.437,0,,
Intermediate Epithelial,saa,0,1.134107551,0.315,0.072,0,,
Intermediate Epithelial,apnl,0,1.116165394,0.541,0.077,0,,
Intermediate Epithelial,CABZ01012141.2,0,1.067455925,0.558,0.081,0,,
Intermediate Epithelial,aqp3a,0,1.02640292,0.994,0.67,0,,
Intermediate Epithelial,cxcl8b.1,0,1.015530706,0.392,0.12,0,,
Intermediate Epithelial,mal,0,1.004519469,0.492,0.073,0,,
Intermediate Epithelial,krt96,0,0.962717317,0.803,0.546,0,,
Intermediate Epithelial,krt97,0,0.947620826,0.894,0.707,0,,
Intermediate Epithelial,dspa,0,0.93584325,0.94,0.662,0,,
Intermediate Epithelial,cst14b.1,0,0.929782846,0.984,0.798,0,,
Intermediate Epithelial,ywhaz,0,0.911959502,1,0.972,0,,
Intermediate Epithelial,spaca4l,0,0.893619205,0.985,0.627,0,,
Intermediate Epithelial,zgc:162941,0,0.88041157,0.618,0.157,0,,
Intermediate Epithelial,FO904881.1,0,0.837883995,1,0.896,0,,
Intermediate Epithelial,pkp3a,0,0.827313606,0.97,0.682,0,,
Intermediate Epithelial,upk1a,0,0.819034696,0.699,0.101,0,,
Intermediate Epithelial,wu:fb18f06,0,0.783839838,0.994,0.652,0,,
Intermediate Epithelial,si:dkey-248g15.3,0,0.779091703,1,0.964,0,,
Intermediate Epithelial,rpz5,0,0.773361818,0.771,0.279,0,,
Intermediate Epithelial,si:dkey-262k9.2,0,0.748410099,0.872,0.42,0,,
Intermediate Epithelial,pycard,0,0.737723244,0.953,0.655,0,,
Intermediate Epithelial,fn1b,0,0.719597982,0.795,0.66,0,,
Intermediate Epithelial,cd44a,0,0.709483032,0.966,0.688,0,,
Intermediate Epithelial,tmsb1,0,0.706189321,1,0.911,0,,
Intermediate Epithelial,aldob,0,0.702457708,0.757,0.262,0,,
Intermediate Epithelial,perp,0,0.695062569,0.996,0.857,0,,
Intermediate Epithelial,dsc2l,0,0.688588931,0.861,0.479,0,,
Intermediate Epithelial,jupa,0,0.685530672,0.992,0.81,0,,
Intermediate Epithelial,ice2,0,0.682626841,0.515,0.164,0,,
Intermediate Epithelial,si:ch211-134a4.4,0,0.671970619,0.607,0.272,0,,
Intermediate Epithelial,cldn7b,0,0.666349149,0.896,0.44,0,,
Intermediate Epithelial,eppk1,0,0.663258719,0.835,0.547,0,,
Intermediate Epithelial,btg1,0,0.660363413,0.999,0.956,0,,
Intermediate Epithelial,vgll4l,0,0.658870154,0.857,0.461,0,,
Intermediate Epithelial,f5,0,0.656308861,0.462,0.036,0,,
Intermediate Epithelial,gdpd3a,0,0.655695414,0.745,0.228,0,,
Intermediate Epithelial,ptgis,0,0.645630381,0.527,0.164,0,,
Intermediate Epithelial,plk2a,0,0.628395308,0.727,0.293,0,,
Intermediate Epithelial,caspb,0,0.616725089,0.55,0.149,0,,
Intermediate Epithelial,si:ch211-105c13.3,0,0.613323907,0.922,0.71,0,,
Intermediate Epithelial,prdx5,0,0.589531143,0.999,0.961,0,,
Intermediate Epithelial,s100v2,0,0.588405915,0.997,0.95,0,,
Intermediate Epithelial,tmem176l.4,0,0.580749348,0.938,0.633,0,,
Intermediate Epithelial,gcshb,0,0.578792187,0.803,0.383,0,,
Intermediate Epithelial,pof1b,0,0.571366643,0.836,0.451,0,,
Intermediate Epithelial,si:busm1-57f23.1,0,0.56512896,0.876,0.68,0,,
Intermediate Epithelial,pla2g7,0,0.557361129,0.746,0.347,0,,
Intermediate Epithelial,igf2bp2b,0,0.556672488,0.677,0.224,0,,
Intermediate Epithelial,ca2,0,0.556027852,0.642,0.193,0,,
Intermediate Epithelial,tnk1,0,0.538144446,0.596,0.198,0,,
Intermediate Epithelial,prrg2,0,0.516801903,0.709,0.241,0,,
Intermediate Epithelial,si:dkey-180p18.9,0,0.511827738,0.781,0.398,0,,
Intermediate Epithelial,ms4a17a.4,0,0.507300937,0.85,0.558,0,,
Intermediate Epithelial,si:ch211-134a4.1,0,0.502859912,0.519,0.221,0,,
Intermediate Epithelial,nccrp1,0,0.501129473,0.845,0.618,0,,
Intermediate Epithelial,lgals3b,0,0.500046248,0.985,0.863,0,,
Intermediate Epithelial,hmgn3,0,0.49774349,0.753,0.413,0,,
Intermediate Epithelial,rab25a,0,0.491777814,0.642,0.181,0,,
Intermediate Epithelial,oclna,0,0.491014168,0.909,0.564,0,,
Intermediate Epithelial,ms4a17a.2,0,0.487725118,0.857,0.6,0,,
Intermediate Epithelial,ywhaqb,0,0.48669597,0.905,0.788,0,,
Intermediate Epithelial,znf750,0,0.481680476,0.466,0.078,0,,
Intermediate Epithelial,si:ch211-119e14.9,0,0.475546451,0.582,0.136,0,,
Intermediate Epithelial,adka,0,0.453572799,0.541,0.173,0,,
Intermediate Epithelial,si:ch211-166a6.5,0,0.449710303,0.751,0.416,0,,
Intermediate Epithelial,icn2,0,0.439320315,0.976,0.764,0,,
Intermediate Epithelial,adipor2,0,0.438341405,0.651,0.351,0,,
Intermediate Epithelial,zgc:153911,0,0.436577317,0.889,0.572,0,,
Intermediate Epithelial,crabp2a,0,0.433693386,0.556,0.168,0,,
Intermediate Epithelial,nrarpa,0,0.428397848,0.466,0.116,0,,
Intermediate Epithelial,si:dkey-31f5.8,0,0.423865766,0.772,0.436,0,,
Intermediate Epithelial,casp6l1,0,0.417150586,0.538,0.174,0,,
Intermediate Epithelial,ndrg2,0,0.415210182,0.541,0.191,0,,
Intermediate Epithelial,capns1a,0,0.412321115,0.958,0.767,0,,
Intermediate Epithelial,tuba8l2,0,0.411299056,0.794,0.502,0,,
Intermediate Epithelial,rdh12l,0,0.409594608,0.611,0.241,0,,
Intermediate Epithelial,ahcy,0,0.406802013,0.736,0.422,0,,
Intermediate Epithelial,ankrd22,0,0.401891306,0.695,0.358,0,,
Intermediate Epithelial,ENSDARG00000076673,0,0.389785772,0.613,0.273,0,,
Intermediate Epithelial,arpc5lb,0,0.388695139,0.486,0.162,0,,
Intermediate Epithelial,fabp3,0,0.386165318,0.957,0.786,0,,
Intermediate Epithelial,grhl2a,0,0.385535807,0.379,0.041,0,,
Intermediate Epithelial,si:ch73-70c5.1,0,0.38449173,0.533,0.197,0,,
Intermediate Epithelial,fam83b,0,0.382749237,0.547,0.203,0,,
Intermediate Epithelial,si:ch211-195b11.3,0,0.379109838,0.919,0.436,0,,
Intermediate Epithelial,zgc:153284,0,0.375986913,0.974,0.72,0,,
Intermediate Epithelial,ENSDARG00000058299,0,0.369975601,0.494,0.155,0,,
Intermediate Epithelial,epcam,0,0.368334273,1,0.891,0,,
Intermediate Epithelial,hsd11b1la,0,0.36643994,0.595,0.248,0,,
Intermediate Epithelial,tspan35,0,0.364094977,0.398,0.126,0,,
Intermediate Epithelial,tlcd1,0,0.357278316,0.527,0.176,0,,
Intermediate Epithelial,FUT9 (1 of many),0,0.352171282,0.467,0.143,0,,
Intermediate Epithelial,entpd2a.1,0,0.349572034,0.381,0.064,0,,
Intermediate Epithelial,rmdn1,0,0.349120665,0.593,0.328,0,,
Intermediate Epithelial,capn9,0,0.34877386,0.658,0.213,0,,
Intermediate Epithelial,si:dkey-16l2.20,0,0.347181835,0.865,0.625,0,,
Intermediate Epithelial,FP017215.1,0,0.346160589,0.623,0.31,0,,
Intermediate Epithelial,gnmt,0,0.343971472,0.475,0.211,0,,
Intermediate Epithelial,clic3,0,0.341944292,0.657,0.226,0,,
Intermediate Epithelial,pim2,0,0.336607092,0.333,0.085,0,,
Intermediate Epithelial,ak1,0,0.322426452,0.735,0.402,0,,
Intermediate Epithelial,si:ch211-191a24.4,0,0.316895541,0.606,0.313,0,,
Intermediate Epithelial,ggt1a,0,0.316488799,0.251,0.017,0,,
Intermediate Epithelial,tjp3,0,0.308875006,0.519,0.227,0,,
Intermediate Epithelial,myb,0,0.289731222,0.32,0.061,0,,
Intermediate Epithelial,macc1,0,0.284199009,0.493,0.184,0,,
Intermediate Epithelial,ch25hl1.1,0,0.279617528,0.338,0.086,0,,
Intermediate Epithelial,si:dkey-19b23.12,0,0.27950968,0.328,0.067,0,,
Intermediate Epithelial,ENSDARG00000034211,0,0.272802416,0.548,0.209,0,,
Intermediate Epithelial,sp100.3,0,0.272169282,0.316,0.058,0,,
Intermediate Epithelial,atp1a1b,0,0.269240699,0.349,0.1,0,,
Intermediate Epithelial,nuak2,0,0.261559879,0.337,0.111,0,,
Intermediate Epithelial,zgc:154093,0,0.259108314,0.279,0.06,0,,
Intermediate Epithelial,mgst1.2,0,0.257889892,0.677,0.266,0,,
Intermediate Epithelial,hsd11b1lb,0,0.257230638,0.274,0.042,0,,
Intermediate Epithelial,mgst1.1,0,0.251460147,0.418,0.159,0,,
Intermediate Epithelial,dap1b.1,6.18E-304,0.307480541,0.904,0.654,1.16E-299,,
Intermediate Epithelial,nipa2,3.22E-297,0.305581415,0.678,0.387,6.05E-293,,
Intermediate Epithelial,FTL (1 of many),3.86E-285,0.366618309,0.998,0.997,7.25E-281,,
Intermediate Epithelial,tmem238a,1.20E-284,0.308934707,0.761,0.486,2.26E-280,,
Intermediate Epithelial,irs2b,1.53E-284,0.278915815,0.416,0.172,2.86E-280,,
Intermediate Epithelial,ms4a17a.1,4.12E-284,0.345756161,0.893,0.689,7.74E-280,,
Intermediate Epithelial,dap1b,4.63E-283,0.286784918,0.892,0.636,8.70E-279,,
Intermediate Epithelial,mpzl2b,1.52E-278,0.284244166,0.691,0.409,2.84E-274,,
Intermediate Epithelial,fat2,1.30E-276,0.265661195,0.458,0.206,2.43E-272,,
Intermediate Epithelial,zgc:153654,3.43E-274,0.325204771,0.531,0.268,6.43E-270,,
Intermediate Epithelial,zgc:109934,8.16E-267,0.314644649,0.976,0.938,1.53E-262,,
Intermediate Epithelial,trim16,4.53E-266,0.293825896,0.447,0.203,8.50E-262,,
Intermediate Epithelial,psmb9a,1.78E-264,0.345510438,0.807,0.579,3.33E-260,,
Intermediate Epithelial,pim1,1.32E-263,0.310190511,0.888,0.677,2.47E-259,,
Intermediate Epithelial,ENSDARG00000013711,1.58E-259,0.311867776,0.863,0.658,2.97E-255,,
Intermediate Epithelial,cxcl14,2.78E-254,0.266641596,0.256,0.074,5.22E-250,,
Intermediate Epithelial,tgm5l,3.82E-254,0.330731944,0.454,0.202,7.18E-250,,
Intermediate Epithelial,esrp1,3.44E-251,0.251723575,0.605,0.332,6.46E-247,,
Intermediate Epithelial,gsnb,1.28E-248,0.315808053,0.819,0.576,2.40E-244,,
Intermediate Epithelial,znf706,2.96E-247,0.288042599,0.829,0.627,5.56E-243,,
Intermediate Epithelial,rab42b,4.42E-245,0.264354856,0.53,0.276,8.30E-241,,
Intermediate Epithelial,ppdpfb,2.97E-242,0.444773716,0.953,0.888,5.57E-238,,
Intermediate Epithelial,lifrb,2.56E-236,0.302714036,0.573,0.332,4.81E-232,,
Intermediate Epithelial,si:zfos-1011f11.1,2.49E-230,0.272289135,0.557,0.314,4.68E-226,,
Intermediate Epithelial,ms4a17a.5,1.00E-228,0.306237224,0.932,0.741,1.89E-224,,
Intermediate Epithelial,s100w,8.04E-228,0.25994137,0.899,0.696,1.51E-223,,
Intermediate Epithelial,cxl34c,1.42E-221,0.481761908,0.509,0.276,2.67E-217,,
Intermediate Epithelial,krt18,2.72E-218,0.846978526,0.803,0.779,5.11E-214,,
Intermediate Epithelial,si:ch211-39i22.1,1.92E-217,0.275497789,0.952,0.825,3.61E-213,,
Intermediate Epithelial,psmb12,9.74E-213,0.289747992,0.829,0.617,1.83E-208,,
Intermediate Epithelial,s100z,9.38E-207,0.269159712,0.374,0.166,1.76E-202,,
Intermediate Epithelial,foxq1a,8.95E-206,0.296222079,0.645,0.391,1.68E-201,,
Intermediate Epithelial,cdh1,1.46E-197,0.265192748,0.925,0.718,2.73E-193,,
Intermediate Epithelial,zgc:56095,4.29E-196,0.287188473,0.538,0.332,8.06E-192,,
Intermediate Epithelial,cfl1l,3.72E-192,0.256791085,1,0.898,6.99E-188,,
Intermediate Epithelial,ahnak,5.01E-187,0.269814707,0.964,0.87,9.40E-183,,
Intermediate Epithelial,palld,1.77E-185,0.319528364,0.452,0.247,3.32E-181,,
Intermediate Epithelial,dynll1,2.19E-181,0.539600609,0.895,0.906,4.11E-177,,
Intermediate Epithelial,zgc:195173,1.30E-169,0.267784309,0.809,0.619,2.44E-165,,
Intermediate Epithelial,vmp1,1.11E-161,0.422183567,0.698,0.553,2.09E-157,,
Intermediate Epithelial,ywhaqa,3.84E-154,0.282311465,0.825,0.687,7.21E-150,,
Intermediate Epithelial,ptgs2a,1.23E-148,0.39107103,0.552,0.355,2.30E-144,,
Intermediate Epithelial,txn,4.37E-128,0.2541091,0.871,0.807,8.20E-124,,
Intermediate Epithelial,nppc,7.13E-108,0.271589383,0.278,0.142,1.34E-103,,
Intermediate Epithelial,cygb1,4.44E-32,0.26411393,0.52,0.439,8.33E-28,,
Intermediate Epithelial,krt4,5.97E-27,0.28807616,0.928,0.895,1.12E-22,,
Basal Epithelial,sparc,0,2.322880738,0.996,0.605,0,,
Basal Epithelial,cldni,0,2.224846813,0.999,0.504,0,,
Basal Epithelial,apoeb,0,2.055978243,0.998,0.707,0,,
Basal Epithelial,itgb4,0,1.902068525,0.949,0.115,0,,
Basal Epithelial,col17a1b,0,1.900366893,0.92,0.173,0,,
Basal Epithelial,alpi.1,0,1.811309657,0.73,0.203,0,,
Basal Epithelial,epgn,0,1.773799887,0.729,0.163,0,,
Basal Epithelial,si:ch211-241e1.3,0,1.675076661,0.922,0.248,0,,
Basal Epithelial,col1a1b,0,1.588550027,0.908,0.384,0,,
Basal Epithelial,col1a2,0,1.548891448,0.937,0.383,0,,
Basal Epithelial,lamc2,0,1.494501134,0.792,0.076,0,,
Basal Epithelial,postnb,0,1.493895054,0.923,0.424,0,,
Basal Epithelial,cldn1,0,1.43514247,0.811,0.072,0,,
Basal Epithelial,ecm2,0,1.413378958,0.508,0.096,0,,
Basal Epithelial,itga6b,0,1.407583407,0.867,0.07,0,,
Basal Epithelial,bcl2l10,0,1.362630636,0.777,0.567,0,,
Basal Epithelial,col7a1,0,1.355139122,0.708,0.111,0,,
Basal Epithelial,egfl6.1,0,1.330044032,0.654,0.046,0,,
Basal Epithelial,frem2b,0,1.284449316,0.709,0.199,0,,
Basal Epithelial,fstl1a,0,1.271657591,0.351,0.051,0,,
Basal Epithelial,ednrbb,0,1.266994115,0.612,0.196,0,,
Basal Epithelial,hbegfa,0,1.262133338,0.882,0.489,0,,
Basal Epithelial,gstm.3,0,1.254857446,0.948,0.487,0,,
Basal Epithelial,si:ch211-117l17.6,0,1.243328564,0.427,0.136,0,,
Basal Epithelial,rbp4,0,1.241989031,0.388,0.135,0,,
Basal Epithelial,si:ch211-222l21.1,0,1.202926992,0.951,0.542,0,,
Basal Epithelial,prss35,0,1.19598801,0.442,0.053,0,,
Basal Epithelial,SP6,0,1.186619773,0.706,0.381,0,,
Basal Epithelial,col1a1a,0,1.186221968,0.907,0.466,0,,
Basal Epithelial,vwa1,0,1.181212919,0.796,0.357,0,,
Basal Epithelial,pfn1,0,1.176567994,0.996,0.897,0,,
Basal Epithelial,tfpia,0,1.169998897,0.816,0.315,0,,
Basal Epithelial,scinla,0,1.107421538,0.819,0.249,0,,
Basal Epithelial,sb:cb1058,0,1.103197253,0.777,0.466,0,,
Basal Epithelial,fabp11a,0,1.085990661,0.403,0.149,0,,
Basal Epithelial,adam8a,0,1.075712926,0.708,0.422,0,,
Basal Epithelial,plek2,0,1.073054883,0.657,0.036,0,,
Basal Epithelial,krt15,0,1.067173285,0.925,0.696,0,,
Basal Epithelial,and1,0,1.061764311,0.589,0.305,0,,
Basal Epithelial,rgcc,0,0.975140231,0.523,0.098,0,,
Basal Epithelial,appa,0,0.959192416,0.805,0.153,0,,
Basal Epithelial,cotl1,0,0.943149433,0.968,0.578,0,,
Basal Epithelial,bcam,0,0.94002785,0.659,0.063,0,,
Basal Epithelial,thy1,0,0.939693398,0.978,0.644,0,,
Basal Epithelial,slc43a3b,0,0.912969336,0.487,0.114,0,,
Basal Epithelial,cxl34b.11,0,0.909449798,0.496,0.076,0,,
Basal Epithelial,myh9a,0,0.88348985,0.804,0.231,0,,
Basal Epithelial,si:ch1073-406l10.2,0,0.882731487,0.642,0.217,0,,
Basal Epithelial,ppib,0,0.85518435,0.979,0.905,0,,
Basal Epithelial,pak2a,0,0.850496828,0.806,0.287,0,,
Basal Epithelial,ogn,0,0.845033583,0.528,0.178,0,,
Basal Epithelial,rac2,0,0.844066803,0.859,0.186,0,,
Basal Epithelial,si:ch211-198c19.3,0,0.83180986,0.607,0.177,0,,
Basal Epithelial,net1,0,0.829318361,0.798,0.399,0,,
Basal Epithelial,fn1a,0,0.826140891,0.547,0.171,0,,
Basal Epithelial,emid1,0,0.792015909,0.407,0.059,0,,
Basal Epithelial,tmsb4x,0,0.790044613,1,0.958,0,,
Basal Epithelial,tes,0,0.784029664,0.685,0.28,0,,
Basal Epithelial,egfl6,0,0.772372287,0.487,0.023,0,,
Basal Epithelial,stmn1b,0,0.771184053,0.319,0.089,0,,
Basal Epithelial,flna,0,0.756834706,0.837,0.483,0,,
Basal Epithelial,igfbp5b,0,0.738573085,0.592,0.159,0,,
Basal Epithelial,tagln2,0,0.728723832,0.994,0.784,0,,
Basal Epithelial,si:dkey-102c8.3,0,0.716402496,0.52,0.159,0,,
Basal Epithelial,tuba8l4,0,0.715237801,0.932,0.734,0,,
Basal Epithelial,mmp2,0,0.712929967,0.832,0.232,0,,
Basal Epithelial,ENSDARG00000041723,0,0.710775564,0.403,0.118,0,,
Basal Epithelial,rras,0,0.700029233,0.715,0.231,0,,
Basal Epithelial,PAMR1 (1 of many),0,0.690633351,0.456,0.104,0,,
Basal Epithelial,elovl1b,0,0.689727656,0.944,0.643,0,,
Basal Epithelial,ms4a17a.7,0,0.68822524,0.616,0.174,0,,
Basal Epithelial,cd151l,0,0.677785777,0.841,0.507,0,,
Basal Epithelial,ak5l,0,0.670403496,0.479,0.06,0,,
Basal Epithelial,pdia3,0,0.668817528,0.968,0.886,0,,
Basal Epithelial,dcn,0,0.659057092,0.428,0.162,0,,
Basal Epithelial,fras1,0,0.656459902,0.468,0.036,0,,
Basal Epithelial,htra1b,0,0.655992319,0.678,0.243,0,,
Basal Epithelial,plecb,0,0.641952789,0.815,0.442,0,,
Basal Epithelial,tnfrsf9a,0,0.635342625,0.493,0.208,0,,
Basal Epithelial,serf2,0,0.626741349,0.977,0.922,0,,
Basal Epithelial,odc1,0,0.626491199,0.789,0.503,0,,
Basal Epithelial,cav1,0,0.621907312,0.485,0.187,0,,
Basal Epithelial,ackr3b,0,0.616462407,0.529,0.123,0,,
Basal Epithelial,col18a1a,0,0.611696605,0.43,0.097,0,,
Basal Epithelial,elmo1,0,0.608324948,0.276,0.052,0,,
Basal Epithelial,ehd2b,0,0.607863243,0.679,0.269,0,,
Basal Epithelial,atox1,0,0.604881843,0.779,0.582,0,,
Basal Epithelial,nupr1,0,0.60063731,0.564,0.281,0,,
Basal Epithelial,serpinh1b,0,0.600216161,0.4,0.137,0,,
Basal Epithelial,sec61b,0,0.592548926,0.94,0.903,0,,
Basal Epithelial,pxna,0,0.591302161,0.61,0.141,0,,
Basal Epithelial,rasl11b,0,0.589838825,0.372,0.038,0,,
Basal Epithelial,sec61g,0,0.585486673,0.999,0.998,0,,
Basal Epithelial,ssr4,0,0.582958131,0.913,0.868,0,,
Basal Epithelial,fkbp9,0,0.575470277,0.642,0.254,0,,
Basal Epithelial,mxra8a,0,0.568505943,0.552,0.225,0,,
Basal Epithelial,ssr3,0,0.567431,0.893,0.811,0,,
Basal Epithelial,pleca,0,0.566060387,0.673,0.339,0,,
Basal Epithelial,kdelr2b,0,0.555370764,0.688,0.454,0,,
Basal Epithelial,lama5,0,0.553931293,0.423,0.04,0,,
Basal Epithelial,mdka,0,0.552927034,0.87,0.608,0,,
Basal Epithelial,inhbaa,0,0.546050739,0.385,0.132,0,,
Basal Epithelial,tp63,0,0.540922818,0.891,0.491,0,,
Basal Epithelial,daam1b,0,0.535235028,0.537,0.227,0,,
Basal Epithelial,wu:fb55g09,0,0.529357281,0.637,0.402,0,,
Basal Epithelial,s100a10b,0,0.524927095,1,1,0,,
Basal Epithelial,si:ch73-46j18.5,0,0.523066217,0.718,0.44,0,,
Basal Epithelial,abl2,0,0.519482813,0.676,0.345,0,,
Basal Epithelial,si:ch211-114n24.6,0,0.513725177,0.779,0.568,0,,
Basal Epithelial,krtcap2,0,0.510608299,0.783,0.663,0,,
Basal Epithelial,si:ch1073-303k11.2,0,0.509306524,0.66,0.293,0,,
Basal Epithelial,hspa5,0,0.508598366,0.927,0.814,0,,
Basal Epithelial,zgc:101810,0,0.508331846,0.586,0.234,0,,
Basal Epithelial,serpine2,0,0.507988971,0.659,0.398,0,,
Basal Epithelial,wls,0,0.503944011,0.784,0.438,0,,
Basal Epithelial,qpct,0,0.49940066,0.438,0.111,0,,
Basal Epithelial,neu3.2,0,0.497531703,0.537,0.175,0,,
Basal Epithelial,tubb5,0,0.497055072,0.511,0.185,0,,
Basal Epithelial,snai2,0,0.496824514,0.42,0.055,0,,
Basal Epithelial,zgc:195173,0,0.493802525,0.884,0.559,0,,
Basal Epithelial,col11a1a,0,0.490472694,0.37,0.118,0,,
Basal Epithelial,alcamb,0,0.489970036,0.458,0.125,0,,
Basal Epithelial,col5a1,0,0.488639976,0.682,0.221,0,,
Basal Epithelial,aplp2,0,0.48816136,0.562,0.31,0,,
Basal Epithelial,anxa2a,0,0.48575015,0.999,0.974,0,,
Basal Epithelial,hdlbpa,0,0.482844069,0.776,0.602,0,,
Basal Epithelial,foxp4,0,0.481867876,0.772,0.461,0,,
Basal Epithelial,srpx,0,0.480593967,0.512,0.141,0,,
Basal Epithelial,lman1,0,0.472200183,0.522,0.237,0,,
Basal Epithelial,ssr2,0,0.470803386,0.868,0.722,0,,
Basal Epithelial,pdia6,0,0.470412791,0.698,0.466,0,,
Basal Epithelial,tmem258,0,0.467378547,0.9,0.882,0,,
Basal Epithelial,dad1,0,0.466411034,0.941,0.917,0,,
Basal Epithelial,mmp30,0,0.465127383,0.287,0.016,0,,
Basal Epithelial,tgfb3,0,0.462346142,0.385,0.035,0,,
Basal Epithelial,sdc4,0,0.462158601,0.954,0.861,0,,
Basal Epithelial,fkbp7,0,0.461051274,0.592,0.216,0,,
Basal Epithelial,zgc:153867,0,0.460771163,0.978,0.974,0,,
Basal Epithelial,crtap,0,0.460681449,0.589,0.255,0,,
Basal Epithelial,col4a6,0,0.458266575,0.367,0.031,0,,
Basal Epithelial,degs1,0,0.45769588,0.661,0.332,0,,
Basal Epithelial,htra1a,0,0.457665682,0.404,0.082,0,,
Basal Epithelial,fxyd1,0,0.451684024,0.966,0.894,0,,
Basal Epithelial,paplna,0,0.44580053,0.399,0.027,0,,
Basal Epithelial,fstl1b,0,0.436775567,0.503,0.179,0,,
Basal Epithelial,CT030188.1,0,0.436681112,0.678,0.439,0,,
Basal Epithelial,col14a1a,0,0.434252013,0.271,0.023,0,,
Basal Epithelial,fermt1,0,0.433927485,0.407,0.036,0,,
Basal Epithelial,emilin1b,0,0.433273944,0.339,0.062,0,,
Basal Epithelial,lamb1a,0,0.432949295,0.364,0.055,0,,
Basal Epithelial,ptmaa,0,0.428229302,0.988,0.891,0,,
Basal Epithelial,p4ha2,0,0.426964562,0.433,0.122,0,,
Basal Epithelial,col12a1a,0,0.420720585,0.507,0.228,0,,
Basal Epithelial,actb2,0,0.420443534,1,1,0,,
Basal Epithelial,frem3,0,0.41999971,0.287,0.019,0,,
Basal Epithelial,mgst3a,0,0.419268172,0.712,0.504,0,,
Basal Epithelial,rarga,0,0.419112128,0.709,0.475,0,,
Basal Epithelial,ms4a17a.5,0,0.418462474,0.929,0.726,0,,
Basal Epithelial,fkbp1aa,0,0.40850507,0.972,0.963,0,,
Basal Epithelial,ptp4a1,0,0.407744849,0.817,0.63,0,,
Basal Epithelial,tax1bp3,0,0.407406723,0.915,0.737,0,,
Basal Epithelial,cgref1,0,0.405141425,0.473,0.203,0,,
Basal Epithelial,zgc:153675,0,0.397615157,0.454,0.168,0,,
Basal Epithelial,cavin1b,0,0.396997838,0.408,0.101,0,,
Basal Epithelial,prickle1b,0,0.396006121,0.435,0.151,0,,
Basal Epithelial,col12a1b,0,0.395364748,0.456,0.189,0,,
Basal Epithelial,ajuba,0,0.395284028,0.374,0.052,0,,
Basal Epithelial,s1pr5b,0,0.391024591,0.44,0.192,0,,
Basal Epithelial,uchl1,0,0.389747877,0.545,0.286,0,,
Basal Epithelial,pkig,0,0.386571717,0.402,0.114,0,,
Basal Epithelial,ptp4a3,0,0.385471418,0.506,0.246,0,,
Basal Epithelial,glsl,0,0.384583813,0.34,0.04,0,,
Basal Epithelial,snap23.2,0,0.384057919,0.498,0.229,0,,
Basal Epithelial,tln1,0,0.377458304,0.537,0.207,0,,
Basal Epithelial,etv4,0,0.372539549,0.452,0.201,0,,
Basal Epithelial,actn1,0,0.371114822,0.434,0.141,0,,
Basal Epithelial,gsna,0,0.36570287,0.676,0.384,0,,
Basal Epithelial,col2a1b,0,0.363989603,0.303,0.086,0,,
Basal Epithelial,itga5,0,0.363844465,0.417,0.179,0,,
Basal Epithelial,fstl3,0,0.361111774,0.297,0.069,0,,
Basal Epithelial,ndufa4l,0,0.359278472,0.982,0.966,0,,
Basal Epithelial,myl12.1,0,0.352681829,1,0.999,0,,
Basal Epithelial,serpinh1a,0,0.352310133,0.379,0.112,0,,
Basal Epithelial,sulf1,0,0.35097877,0.256,0.026,0,,
Basal Epithelial,irs1,0,0.350611242,0.391,0.103,0,,
Basal Epithelial,psmb7,0,0.348271536,0.692,0.341,0,,
Basal Epithelial,jpt1b,0,0.348105783,0.843,0.579,0,,
Basal Epithelial,vaspb,0,0.347847609,0.687,0.459,0,,
Basal Epithelial,chsy1,0,0.346937188,0.304,0.059,0,,
Basal Epithelial,fkbp10b,0,0.343555357,0.438,0.139,0,,
Basal Epithelial,si:ch211-250c4.4,0,0.338291827,0.325,0.069,0,,
Basal Epithelial,ENSDARG00000076317,0,0.33233011,0.412,0.142,0,,
Basal Epithelial,si:dkey-222f8.3,0,0.331582668,0.436,0.124,0,,
Basal Epithelial,mafa,0,0.330781111,0.251,0.028,0,,
Basal Epithelial,calua,0,0.329411502,0.447,0.176,0,,
Basal Epithelial,agrn,0,0.325959081,0.333,0.068,0,,
Basal Epithelial,creb3l2,0,0.320540273,0.398,0.141,0,,
Basal Epithelial,rcn3,0,0.320160731,0.445,0.162,0,,
Basal Epithelial,anks1b,0,0.316169344,0.395,0.151,0,,
Basal Epithelial,mmp14a,0,0.310707023,0.445,0.16,0,,
Hematopoietic,tppp,0,3.926982803,0.769,0.074,0,,
Hematopoietic,cxcl19,0,3.674253033,0.656,0.092,0,,
Hematopoietic,grn1,0,3.617530358,0.911,0.074,0,,
Hematopoietic,ctsd,0,3.291597037,0.975,0.639,0,,
Hematopoietic,lgmn,0,3.203403957,0.922,0.404,0,,
Hematopoietic,fabp7b,0,3.1864221,0.775,0.051,0,,
Hematopoietic,NPC2 (1 of many),0,3.111383738,0.873,0.032,0,,
Hematopoietic,si:dkey-5n18.1,0,2.997492935,0.849,0.036,0,,
Hematopoietic,c1qc,0,2.944827205,0.893,0.041,0,,
Hematopoietic,ctsz,0,2.910313841,0.931,0.503,0,,
Hematopoietic,ctsba,0,2.84419733,0.974,0.687,0,,
Hematopoietic,c1qb,0,2.793005207,0.85,0.031,0,,
Hematopoietic,lgals3bpb,0,2.764785827,0.636,0.046,0,,
Hematopoietic,acp5a,0,2.690130202,0.791,0.031,0,,
Hematopoietic,si:dkey-30j10.5,0,2.683245144,0.37,0.024,0,,
Hematopoietic,psap,0,2.506595775,0.981,0.645,0,,
Hematopoietic,ENSDARG00000028618,0,2.481159909,0.975,0.26,0,,
Hematopoietic,fcer1gl,0,2.430243581,0.917,0.031,0,,
Hematopoietic,ctss2.1,0,2.428538451,0.829,0.168,0,,
Hematopoietic,BX649485.4,0,2.427221048,0.349,0.016,0,,
Hematopoietic,ctss2.2,0,2.404456229,0.894,0.27,0,,
Hematopoietic,si:ch211-212k18.7,0,2.383337234,0.92,0.348,0,,
Hematopoietic,ctsc,0,2.365071549,0.906,0.296,0,,
Hematopoietic,npc2,0,2.36348433,0.972,0.721,0,,
Hematopoietic,si:ch211-147m6.2,0,2.319528691,0.693,0.013,0,,
Hematopoietic,mfap4,0,2.264000147,0.693,0.017,0,,
Hematopoietic,tspan36,0,2.26114391,0.958,0.374,0,,
Hematopoietic,mafbb,0,2.255517123,0.849,0.024,0,,
Hematopoietic,arpc1b,0,2.249780877,0.954,0.401,0,,
Hematopoietic,laptm5,0,2.173287326,0.937,0.022,0,,
Hematopoietic,si:dkey-27i16.2,0,2.141054994,0.876,0.026,0,,
Hematopoietic,ccr9a,0,2.135608,0.826,0.024,0,,
Hematopoietic,mpeg1.1,0,2.124726604,0.835,0.021,0,,
Hematopoietic,BX649485.2,0,2.066236192,0.256,0.008,0,,
Hematopoietic,zgc:110239,0,2.061144729,0.906,0.259,0,,
Hematopoietic,ENSDARG00000068233,0,2.009900668,0.922,0.021,0,,
Hematopoietic,cxcr4b,0,1.966737513,0.867,0.182,0,,
Hematopoietic,cndp2,0,1.957950518,0.91,0.386,0,,
Hematopoietic,rnaset2,0,1.942502357,0.807,0.212,0,,
Hematopoietic,c1qa,0,1.908779325,0.804,0.014,0,,
Hematopoietic,lygl1,0,1.860204049,0.954,0.674,0,,
Hematopoietic,zgc:174904,0,1.851880167,0.662,0.017,0,,
Hematopoietic,PEPD,0,1.844471568,0.894,0.308,0,,
Hematopoietic,si:ch211-194m7.4,0,1.842962472,0.752,0.01,0,,
Hematopoietic,coro1a,0,1.829051548,0.897,0.037,0,,
Hematopoietic,slc35f6,0,1.824305869,0.873,0.273,0,,
Hematopoietic,MFAP4 (1 of many).3,0,1.795329656,0.55,0.012,0,,
Hematopoietic,ccl35.1,0,1.767652482,0.31,0.015,0,,
Hematopoietic,atp6v0ca,0,1.753401064,0.959,0.575,0,,
Hematopoietic,scpep1,0,1.742210542,0.919,0.313,0,,
Hematopoietic,slc3a2a,0,1.734234712,0.812,0.012,0,,
Hematopoietic,atp6v0e1,0,1.696797044,0.945,0.495,0,,
Hematopoietic,ctsh,0,1.696071549,0.89,0.341,0,,
Hematopoietic,asah1b,0,1.692347937,0.855,0.285,0,,
Hematopoietic,srgn,0,1.670211864,0.839,0.216,0,,
Hematopoietic,atp6v1g1,0,1.660453535,0.939,0.444,0,,
Hematopoietic,rnaseka,0,1.659231676,0.939,0.428,0,,
Hematopoietic,havcr1,0,1.649287516,0.717,0.009,0,,
Hematopoietic,lcp1,0,1.620323946,0.807,0.02,0,,
Hematopoietic,ccl34b.1,0,1.613110112,0.551,0.01,0,,
Hematopoietic,grna,0,1.612132003,0.835,0.189,0,,
Hematopoietic,atp6v1e1b,0,1.606273365,0.913,0.288,0,,
Hematopoietic,si:ch211-194m7.8,0,1.574795084,0.434,0.004,0,,
Hematopoietic,lgals2a,0,1.568945758,0.557,0.125,0,,
Hematopoietic,marco,0,1.556130377,0.713,0.008,0,,
Hematopoietic,cfl1,0,1.548729999,0.991,0.519,0,,
Hematopoietic,FO704661.1,0,1.535472145,0.672,0.069,0,,
Hematopoietic,si:cabz01074946.1,0,1.532863087,0.773,0.01,0,,
Hematopoietic,naga,0,1.531694902,0.826,0.294,0,,
Hematopoietic,epdl1,0,1.511254737,0.563,0.122,0,,
Hematopoietic,spi1b,0,1.501312829,0.825,0.009,0,,
Hematopoietic,gm2a,0,1.49407617,0.882,0.333,0,,
Hematopoietic,atp6ap2,0,1.479432194,0.928,0.407,0,,
Hematopoietic,spi1a,0,1.451913398,0.802,0.014,0,,
Hematopoietic,AL831726.2,0,1.426811321,0.691,0.017,0,,
Hematopoietic,cd63,0,1.426103145,0.997,0.94,0,,
Hematopoietic,dpp7,0,1.416227869,0.893,0.433,0,,
Hematopoietic,si:ch73-158p21.3,0,1.397180987,0.761,0.132,0,,
Hematopoietic,slc7a7,0,1.396677769,0.763,0.008,0,,
Hematopoietic,cmklr1,0,1.389822323,0.729,0.008,0,,
Hematopoietic,litaf,0,1.381552473,0.938,0.362,0,,
Hematopoietic,clic2,0,1.348485706,0.725,0.136,0,,
Hematopoietic,cd4-1,0,1.330418631,0.565,0.008,0,,
Hematopoietic,pigrl2.3,0,1.290448485,0.715,0.006,0,,
Hematopoietic,CABZ01067314.1,0,1.284848688,0.566,0.011,0,,
Hematopoietic,zgc:152830,0,1.278799038,0.802,0.198,0,,
Hematopoietic,atp6v1f,0,1.272189307,0.786,0.12,0,,
Hematopoietic,slc37a2,0,1.268193992,0.794,0.33,0,,
Hematopoietic,sftpbb,0,1.266385045,0.631,0.028,0,,
Hematopoietic,ctsa,0,1.256875355,0.876,0.364,0,,
Hematopoietic,atp6v1ba,0,1.253203978,0.838,0.234,0,,
Hematopoietic,hexb,0,1.248052516,0.855,0.39,0,,
Hematopoietic,si:ch211-147m6.1,0,1.226347745,0.613,0.005,0,,
Hematopoietic,si:ch211-102c2.4,0,1.198111046,0.72,0.009,0,,
Hematopoietic,rgs13,0,1.194558607,0.663,0.024,0,,
Hematopoietic,dicp1.17,0,1.187278081,0.632,0.005,0,,
Hematopoietic,zgc:123107,0,1.175873495,0.75,0.211,0,,
Hematopoietic,gnpda1,0,1.171013795,0.835,0.262,0,,
Hematopoietic,tcirg1b,0,1.168593719,0.763,0.1,0,,
Hematopoietic,npl,0,1.163608004,0.775,0.242,0,,
Hematopoietic,gabarapb,0,1.153009687,0.974,0.689,0,,
Hematopoietic,rac2,0,1.149577945,0.918,0.41,0,,
Hematopoietic,capgb,0,1.142990858,0.956,0.687,0,,
Hematopoietic,cpvl,0,1.141748243,0.791,0.22,0,,
Hematopoietic,mpp1,0,1.136554587,0.731,0.044,0,,
Hematopoietic,fuca2,0,1.11028377,0.885,0.386,0,,
Hematopoietic,gng10,0,1.108638782,0.632,0.044,0,,
Hematopoietic,gapdhs,0,1.107397237,0.995,0.934,0,,
Hematopoietic,cxcr3.2,0,1.107108523,0.69,0.006,0,,
Hematopoietic,sdcbp2,0,1.094527834,0.981,0.807,0,,
Hematopoietic,tnfb,0,1.07759475,0.48,0.029,0,,
Hematopoietic,ENSDARG00000009313,0,1.074753192,0.767,0.153,0,,
Hematopoietic,ptpn6,0,1.074581499,0.626,0.033,0,,
Hematopoietic,grn2,0,1.073507471,0.764,0.06,0,,
Hematopoietic,lamtor4,0,1.052535759,0.842,0.37,0,,
Hematopoietic,FO834888.1,0,1.042149032,0.548,0.02,0,,
Hematopoietic,si:dkey-262k9.4,0,0.99724062,0.658,0.009,0,,
Hematopoietic,uap1l1,0,0.996906322,0.678,0.101,0,,
Hematopoietic,atp6v1h,0,0.986678956,0.767,0.236,0,,
Hematopoietic,mapre1a,0,0.985127135,0.802,0.275,0,,
Hematopoietic,fgl2a,0,0.984069042,0.552,0.021,0,,
Hematopoietic,eno1a,0,0.982671314,0.752,0.216,0,,
Hematopoietic,grap2b,0,0.982038698,0.66,0.026,0,,
Hematopoietic,tspan37,0,0.978125591,0.731,0.182,0,,
Hematopoietic,atp6ap1b,0,0.961349208,0.775,0.28,0,,
Hematopoietic,CABZ01073834.1,0,0.952661945,0.603,0.006,0,,
Hematopoietic,nfkbie,0,0.951034214,0.806,0.331,0,,
Hematopoietic,slc43a2b,0,0.94678498,0.579,0.007,0,,
Hematopoietic,slc15a4,0,0.943020321,0.694,0.084,0,,
Hematopoietic,hsd17b14,0,0.922015004,0.614,0.145,0,,
Hematopoietic,si:dkey-53k12.2,0,0.921676535,0.616,0.007,0,,
Hematopoietic,clic1,0,0.921282142,0.758,0.245,0,,
Hematopoietic,dnase2,0,0.91463581,0.634,0.066,0,,
Hematopoietic,ppp1r18,0,0.913062537,0.646,0.007,0,,
Hematopoietic,si:ch211-122f10.4,0,0.905725878,0.586,0.095,0,,
Hematopoietic,cd8a,0,0.904306819,0.349,0.004,0,,
Hematopoietic,si:zfos-741a10.3,0,0.903477612,0.559,0.006,0,,
Hematopoietic,zgc:165573,0,0.902708364,0.524,0.058,0,,
Hematopoietic,si:ch211-153b23.7,0,0.899149283,0.546,0.009,0,,
Hematopoietic,itgae.1,0,0.897020971,0.568,0.005,0,,
Hematopoietic,CT583642.1,0,0.891181113,0.617,0.005,0,,
Hematopoietic,slc30a1a,0,0.888796819,0.661,0.136,0,,
Hematopoietic,samsn1a,0,0.882246498,0.578,0.022,0,,
Hematopoietic,sdr16c5b,0,0.88137102,0.602,0.06,0,,
Hematopoietic,si:ch73-236c18.6,0,0.871194228,0.555,0.004,0,,
Hematopoietic,zgc:136870,0,0.855976378,0.569,0.015,0,,
Hematopoietic,ANPEP,0,0.852857793,0.489,0.007,0,,
Hematopoietic,rab8b,0,0.850796268,0.662,0.073,0,,
Hematopoietic,sgpl1,0,0.83913491,0.623,0.112,0,,
Hematopoietic,si:ch211-194m7.5,0,0.827007858,0.312,0.002,0,,
Hematopoietic,bri3,0,0.826407708,0.672,0.171,0,,
Hematopoietic,il10ra,0,0.821736767,0.542,0.004,0,,
Hematopoietic,wasb,0,0.808740064,0.601,0.008,0,,
Hematopoietic,atp6v1c1b,0,0.806130525,0.602,0.041,0,,
Hematopoietic,MFAP4 (1 of many).2,0,0.80610994,0.498,0.002,0,,
Hematopoietic,si:dkey-69o16.5,0,0.805298311,0.577,0.071,0,,
Hematopoietic,ENSDARG00000068784,0,0.804533146,0.525,0.016,0,,
Hematopoietic,atp6v0d1,0,0.804070789,0.675,0.187,0,,
Hematopoietic,si:ch73-248e21.5,0,0.795500707,0.559,0.009,0,,
Hematopoietic,si:dkey-26c10.5,0,0.793485874,0.454,0.009,0,,
Hematopoietic,grapa,0,0.781516163,0.554,0.013,0,,
Hematopoietic,fcer1g,0,0.779884564,0.56,0.002,0,,
Hematopoietic,slc7a11,0,0.772517723,0.501,0.098,0,,
Hematopoietic,stoml3b,0,0.759680887,0.481,0.006,0,,
Hematopoietic,kctd12.2,0,0.75283201,0.519,0.084,0,,
Hematopoietic,cln3,0,0.751581141,0.471,0.034,0,,
Hematopoietic,pglyrp5,0,0.751049527,0.29,0.022,0,,
Hematopoietic,adgrg3,0,0.747170655,0.515,0.004,0,,
Hematopoietic,cd83,0,0.742983139,0.466,0.041,0,,
Hematopoietic,si:dkey-222f2.7,0,0.742935942,0.498,0.003,0,,
Hematopoietic,dram1,0,0.732209306,0.493,0.029,0,,
Hematopoietic,CABZ01040076.1,0,0.731283987,0.434,0.011,0,,
Hematopoietic,si:ch211-264f5.2,0,0.728547327,0.423,0.003,0,,
Hematopoietic,mfng,0,0.721390518,0.552,0.009,0,,
Hematopoietic,prss16,0,0.720499979,0.653,0.147,0,,
Hematopoietic,si:dkey-56m19.5,0,0.698119185,0.488,0.036,0,,
Hematopoietic,eepd1,0,0.695096261,0.519,0.037,0,,
Hematopoietic,tpp1,0,0.693660667,0.543,0.043,0,,
Hematopoietic,atp6v1aa,0,0.689193902,0.613,0.148,0,,
Hematopoietic,FQ311879.1,0,0.682171704,0.396,0.003,0,,
Hematopoietic,ehd4,0,0.678818559,0.525,0.058,0,,
Hematopoietic,enosf1,0,0.678560522,0.601,0.137,0,,
Hematopoietic,asah1a,0,0.673462284,0.485,0.049,0,,
Hematopoietic,gpr183a,0,0.66875897,0.426,0.005,0,,
Hematopoietic,fam26f,0,0.663231199,0.499,0.004,0,,
Hematopoietic,si:dkey-21a6.5,0,0.655468695,0.552,0.124,0,,
Hematopoietic,atp6v1ab,0,0.653700285,0.512,0.037,0,,
Hematopoietic,dram2b,0,0.651976691,0.556,0.106,0,,
Hematopoietic,ccr12b.2,0,0.63121522,0.336,0.005,0,,
Hematopoietic,irf8,0,0.629130404,0.439,0.02,0,,
Hematopoietic,si:dkey-56f14.7,0,0.628832393,0.458,0.008,0,,
Hematopoietic,si:dkey-1h24.6,0,0.628052832,0.467,0.003,0,,
Hematopoietic,si:ch73-248e21.7,0,0.620421317,0.449,0.021,0,,
Hematopoietic,abi3a,0,0.62024755,0.48,0.004,0,,
Hematopoietic,rhogb,0,0.619754227,0.56,0.116,0,,
Hematopoietic,cyb561a3a,0,0.618242727,0.474,0.061,0,,
Hematopoietic,gig2i,0,0.616494942,0.45,0.074,0,,
Hematopoietic,si:dkey-148a17.6,0,0.615558216,0.462,0.002,0,,
Hematopoietic,tmem206,0,0.610021925,0.469,0.082,0,,
Hematopoietic,atp6v1d,0,0.606186339,0.566,0.119,0,,
Mesenchymal,pcp4a,0,3.078231044,0.652,0.08,0,,
Mesenchymal,and2,0,2.871975987,0.587,0.065,0,,
Mesenchymal,c1qtnf5,0,2.451364779,0.757,0.056,0,,
Mesenchymal,lepb,0,2.38324074,0.65,0.054,0,,
Mesenchymal,tnfaip6,0,2.213626755,0.834,0.069,0,,
Mesenchymal,CR936442.2,0,2.098258661,0.84,0.385,0,,
Mesenchymal,serpine1,0,2.034766904,0.819,0.295,0,,
Mesenchymal,ecrg4a,0,1.976591496,0.581,0.075,0,,
Mesenchymal,dkk3b,0,1.837908884,0.819,0.245,0,,
Mesenchymal,tnc,0,1.821817427,0.758,0.036,0,,
Mesenchymal,si:dkey-12l12.1,0,1.761668922,0.767,0.024,0,,
Mesenchymal,CABZ01056516.1,0,1.695419703,0.609,0.025,0,,
Mesenchymal,cfl1,0,1.664437441,0.955,0.485,0,,
Mesenchymal,f3b,0,1.656459696,0.501,0.078,0,,
Mesenchymal,npm1a,0,1.583020377,0.865,0.408,0,,
Mesenchymal,si:ch211-106h4.12,0,1.582189232,0.309,0.015,0,,
Mesenchymal,pmp22a,0,1.569084306,0.865,0.128,0,,
Mesenchymal,angptl7,0,1.526212001,0.443,0.045,0,,
Mesenchymal,ENSDARG00000028618,0,1.499555245,0.945,0.206,0,,
Mesenchymal,cd82a,0,1.47739613,0.834,0.139,0,,
Mesenchymal,mfap2,0,1.477149573,0.772,0.039,0,,
Mesenchymal,ponzr1,0,1.443715801,0.809,0.149,0,,
Mesenchymal,tuba8l3,0,1.422370907,0.824,0.085,0,,
Mesenchymal,twist1a,0,1.403693015,0.634,0.022,0,,
Mesenchymal,cyr61,0,1.350442222,0.518,0.158,0,,
Mesenchymal,mdka,0,1.34922662,0.902,0.678,0,,
Mesenchymal,pfn2l,0,1.341544221,0.879,0.266,0,,
Mesenchymal,msx1b,0,1.330308417,0.779,0.034,0,,
Mesenchymal,hmgb2b,0,1.313549217,0.911,0.648,0,,
Mesenchymal,tph1b,0,1.295016743,0.365,0.018,0,,
Mesenchymal,snu13b,0,1.270202869,0.815,0.321,0,,
Mesenchymal,col6a3,0,1.234273598,0.782,0.025,0,,
Mesenchymal,her6,0,1.217947151,0.754,0.188,0,,
Mesenchymal,msna,0,1.211736306,0.896,0.306,0,,
Mesenchymal,hmgn2,0,1.20592419,0.889,0.748,0,,
Mesenchymal,CR936442.1,0,1.136790377,0.617,0.143,0,,
Mesenchymal,bhmt,0,1.103651337,0.263,0.013,0,,
Mesenchymal,CR974440.2,0,1.102370036,0.629,0.213,0,,
Mesenchymal,col5a1,0,1.094591656,0.86,0.328,0,,
Mesenchymal,myl6,0,1.085882168,0.74,0.041,0,,
Mesenchymal,ncl,0,1.05839756,0.875,0.544,0,,
Mesenchymal,lratb,0,1.056106724,0.59,0.029,0,,
Mesenchymal,pcbd1,0,1.050424445,0.801,0.158,0,,
Mesenchymal,hmgb1b,0,1.039903865,0.811,0.246,0,,
Mesenchymal,psmb7,0,1.039857539,0.873,0.416,0,,
Mesenchymal,si:ch211-288g17.3,0,1.037451839,0.8,0.324,0,,
Mesenchymal,hspe1,0,1.036902929,0.825,0.423,0,,
Mesenchymal,fuom,0,1.031990172,0.762,0.21,0,,
Mesenchymal,aldh1a2,0,1.029945135,0.529,0.015,0,,
Mesenchymal,prrx1a,0,1.027366523,0.673,0.027,0,,
Mesenchymal,hnrnpabb,0,1.019521193,0.944,0.815,0,,
Mesenchymal,col1a1a,0,1.009345896,0.936,0.588,0,,
Mesenchymal,tagln,0,1.007508431,0.312,0.012,0,,
Mesenchymal,dkc1,0,1.00497147,0.72,0.17,0,,
Mesenchymal,cd81a,0,1.004859069,0.904,0.38,0,,
Mesenchymal,ifitm1,0,1.001719445,0.339,0.011,0,,
Mesenchymal,msx3,0,0.996826317,0.622,0.032,0,,
Mesenchymal,fibinb,0,0.975000839,0.653,0.087,0,,
Mesenchymal,col6a1,0,0.974886515,0.654,0.011,0,,
Mesenchymal,tuba1b,0,0.974354242,0.74,0.151,0,,
Mesenchymal,sfrp1b,0,0.972841066,0.62,0.012,0,,
Mesenchymal,fbl,0,0.972312724,0.79,0.339,0,,
Mesenchymal,kpna2,0,0.970519707,0.352,0.047,0,,
Mesenchymal,nutf2l,0,0.970016868,0.748,0.239,0,,
Mesenchymal,hgd,0,0.967038106,0.277,0.007,0,,
Mesenchymal,nop58,0,0.965730289,0.775,0.288,0,,
Mesenchymal,mxra8b,0,0.959026726,0.715,0.119,0,,
Mesenchymal,f13a1b,0,0.956462258,0.58,0.029,0,,
Mesenchymal,cnbpa,0,0.954192769,0.875,0.513,0,,
Mesenchymal,ramp2,0,0.93748842,0.623,0.127,0,,
Mesenchymal,fkbp9,0,0.924928282,0.847,0.336,0,,
Mesenchymal,twist3,0,0.919970971,0.526,0.007,0,,
Mesenchymal,rcn3,0,0.91920926,0.711,0.206,0,,
Mesenchymal,nhp2,0,0.916083513,0.786,0.315,0,,
Mesenchymal,jpt1b,0,0.91404171,0.935,0.641,0,,
Mesenchymal,snrpg,0,0.913161316,0.865,0.566,0,,
Mesenchymal,hapln1a,0,0.911214979,0.385,0.008,0,,
Mesenchymal,snrpd1,0,0.910424372,0.843,0.513,0,,
Mesenchymal,snai1a,0,0.90242325,0.673,0.101,0,,
Mesenchymal,aspn,0,0.899647555,0.55,0.126,0,,
Mesenchymal,si:ch211-133n4.4,0,0.892985291,0.749,0.13,0,,
Mesenchymal,crabp2b,0,0.884735507,0.615,0.013,0,,
Mesenchymal,nop56,0,0.881820488,0.839,0.439,0,,
Mesenchymal,qdpra,0,0.876341187,0.604,0.026,0,,
Mesenchymal,nap1l1,0,0.875033426,0.828,0.367,0,,
Mesenchymal,pdap1a,0,0.871572876,0.808,0.382,0,,
Mesenchymal,pcna,0,0.870936198,0.505,0.138,0,,
Mesenchymal,marcksb,0,0.860981333,0.686,0.095,0,,
Mesenchymal,tmem119b,0,0.860086832,0.638,0.011,0,,
Mesenchymal,CABZ01092746.1,0,0.859891452,0.485,0.143,0,,
Mesenchymal,ranbp1,0,0.856933752,0.89,0.597,0,,
Mesenchymal,snrpe,0,0.851910585,0.862,0.558,0,,
Mesenchymal,hnrnpa0b,0,0.846938934,0.928,0.82,0,,
Mesenchymal,si:ch211-156b7.4,0,0.835963425,0.585,0.095,0,,
Mesenchymal,mmp2,0,0.832846138,0.887,0.395,0,,
Mesenchymal,cct7,0,0.832564235,0.918,0.676,0,,
Mesenchymal,col5a2a,0,0.831202668,0.745,0.243,0,,
Mesenchymal,col12a1a,0,0.826732759,0.761,0.273,0,,
Mesenchymal,sumo3b,0,0.815317242,0.739,0.289,0,,
Mesenchymal,LOX,0,0.813684509,0.269,0.005,0,,
Mesenchymal,pa2g4a,0,0.81344212,0.728,0.259,0,,
Mesenchymal,calr,0,0.81294672,0.752,0.318,0,,
Mesenchymal,col12a1b,0,0.812666232,0.773,0.222,0,,
Mesenchymal,tma7,0,0.812033449,0.931,0.82,0,,
Mesenchymal,setb,0,0.811309148,0.887,0.601,0,,
Mesenchymal,zgc:56585,0,0.809134863,0.569,0.008,0,,
Mesenchymal,anp32b,0,0.808952641,0.777,0.403,0,,
Mesenchymal,prmt1,0,0.808432921,0.793,0.4,0,,
Mesenchymal,plpp3,0,0.804791043,0.614,0.062,0,,
Mesenchymal,atpif1a,0,0.803769521,0.829,0.401,0,,
Mesenchymal,c1qbp,0,0.803678786,0.744,0.273,0,,
Mesenchymal,snrpf,0,0.803026036,0.868,0.583,0,,
Mesenchymal,cct3,0,0.802547492,0.886,0.601,0,,
Mesenchymal,rbp5,0,0.79950918,0.562,0.042,0,,
Mesenchymal,cx43,0,0.798615991,0.452,0.015,0,,
Mesenchymal,cirbpa,0,0.797681727,0.976,0.949,0,,
Mesenchymal,idh2,0,0.796640496,0.834,0.409,0,,
Mesenchymal,hmgn7,0,0.794513329,0.938,0.743,0,,
Mesenchymal,col6a2,0,0.79193364,0.602,0.009,0,,
Mesenchymal,slirp,0,0.784078561,0.786,0.394,0,,
Mesenchymal,calm3a,0,0.783599114,0.996,0.95,0,,
Mesenchymal,lrrc15,0,0.781883292,0.526,0.017,0,,
Mesenchymal,vdac3,0,0.781843575,0.839,0.267,0,,
Mesenchymal,cct5,0,0.781018157,0.932,0.791,0,,
Mesenchymal,got2b,0,0.780688731,0.723,0.29,0,,
Mesenchymal,twist2,0,0.780534394,0.415,0.007,0,,
Mesenchymal,antxr1c,0,0.780453918,0.679,0.115,0,,
Mesenchymal,glipr2l,0,0.780379621,0.504,0.047,0,,
Mesenchymal,sub1a,0,0.777281834,0.912,0.716,0,,
Mesenchymal,her15.1,0,0.775886495,0.252,0.028,0,,
Mesenchymal,pa2g4b,0,0.773719921,0.771,0.344,0,,
Mesenchymal,cct4,0,0.769239197,0.913,0.703,0,,
Mesenchymal,rpa2,0,0.767273675,0.619,0.136,0,,
Mesenchymal,rrm2.1,0,0.766382074,0.337,0.056,0,,
Mesenchymal,ran,0,0.764945783,0.993,0.967,0,,
Mesenchymal,nop10,0,0.75970627,0.823,0.512,0,,
Mesenchymal,ssr2,0,0.7579424,0.939,0.754,0,,
Mesenchymal,rgs5b,0,0.75646827,0.34,0.012,0,,
Mesenchymal,snrpb,0,0.752226805,0.895,0.689,0,,
Mesenchymal,uqcrh,0,0.749155663,0.917,0.778,0,,
Mesenchymal,hspd1,0,0.745166393,0.67,0.196,0,,
Mesenchymal,chchd1,0,0.744721204,0.678,0.174,0,,
Mesenchymal,igf2b,0,0.743338358,0.393,0.008,0,,
Mesenchymal,cd276,0,0.74236219,0.701,0.198,0,,
Mesenchymal,gar1,0,0.740582774,0.653,0.175,0,,
Mesenchymal,pdgfrl,0,0.736729802,0.549,0.01,0,,
Mesenchymal,fkbp7,0,0.735660573,0.8,0.294,0,,
Mesenchymal,atp5g3b,0,0.730719033,0.986,0.968,0,,
Mesenchymal,gulp1a,0,0.730092942,0.611,0.022,0,,
Mesenchymal,ptgr1,0,0.729408792,0.588,0.166,0,,
Mesenchymal,timp2b,0,0.727974571,0.413,0.05,0,,
Mesenchymal,tmeff1b,0,0.727737842,0.55,0.016,0,,
Mesenchymal,fabp3,0,0.727249387,0.931,0.828,0,,
Mesenchymal,fkbp11,0,0.725552838,0.673,0.206,0,,
Mesenchymal,ddx39ab,0,0.72534856,0.815,0.513,0,,
Mesenchymal,her15.1.1,0,0.725227049,0.262,0.04,0,,
Mesenchymal,thbs3a,0,0.723942298,0.478,0.058,0,,
Mesenchymal,si:dkey-102m7.3,0,0.723425509,0.646,0.154,0,,
Mesenchymal,inhbaa,0,0.720402678,0.546,0.182,0,,
Mesenchymal,rtn4a,0,0.716889091,0.849,0.453,0,,
Mesenchymal,tomm6,0,0.716449983,0.791,0.41,0,,
Mesenchymal,mmp14b,0,0.713114926,0.73,0.314,0,,
Mesenchymal,khdrbs1a,0,0.709877978,0.968,0.926,0,,
Mesenchymal,sept9a,0,0.709014488,0.657,0.216,0,,
Mesenchymal,snrpd2,0,0.705106239,0.88,0.639,0,,
Mesenchymal,h2afvb,0,0.70324629,0.896,0.828,0,,
Mesenchymal,tubb5,0,0.702670184,0.732,0.248,0,,
Mesenchymal,tcp1,0,0.699518653,0.891,0.646,0,,
Mesenchymal,thbs4b,0,0.69737989,0.472,0.006,0,,
Mesenchymal,ube2c,0,0.693857507,0.304,0.044,0,,
Mesenchymal,krt8,0,0.692782928,0.96,0.75,0,,
Mesenchymal,ssr4,0,0.692570402,0.953,0.875,0,,
Mesenchymal,loxl2b,0,0.688466962,0.619,0.115,0,,
Mesenchymal,hmgb3a,0,0.685640405,0.521,0.037,0,,
Mesenchymal,eif2s2,0,0.679287761,0.909,0.711,0,,
Mesenchymal,sept15,0,0.677590642,0.916,0.853,0,,
Mesenchymal,sepn1,0,0.675857271,0.618,0.06,0,,
Mesenchymal,srprb,0,0.674015011,0.708,0.277,0,,
Mesenchymal,cyp26b1,0,0.672904186,0.347,0.007,0,,
Mesenchymal,sh3kbp1,0,0.672023605,0.576,0.049,0,,
Mesenchymal,mrpl12,0,0.670145104,0.712,0.298,0,,
Mesenchymal,atp5g3a,0,0.669456093,0.895,0.793,0,,
Mesenchymal,ndufab1b,0,0.66860249,0.81,0.515,0,,
Mesenchymal,hoxa13b,0,0.667287356,0.679,0.214,0,,
Mesenchymal,cthrc1a,0,0.666668159,0.36,0.013,0,,
Mesenchymal,cmtm3,0,0.664929142,0.603,0.056,0,,
Mesenchymal,vdac1,0,0.664857492,0.824,0.428,0,,
Mesenchymal,sec11a,0,0.663542884,0.839,0.494,0,,
Mesenchymal,rpl7l1,0,0.659254606,0.729,0.293,0,,
Mesenchymal,snrpd3l,0,0.658487511,0.789,0.427,0,,
Mesenchymal,lsm3,0,0.655927597,0.8,0.457,0,,
Mesenchymal,polr2l,0,0.65425558,0.849,0.562,0,,
Mesenchymal,fkbp14,0,0.6540821,0.662,0.184,0,,
Mesenchymal,tgfbi,0,0.651040061,0.37,0.044,0,,
Mesenchymal,serpinh1b,0,0.650845983,0.566,0.189,0,,
Mesenchymal,lsm6,0,0.650482724,0.808,0.491,0,,
Mesenchymal,cxcl12a,0,0.645526967,0.33,0.059,0,,
Mesenchymal,cirbpb,0,0.645115581,0.996,0.965,0,,
Mesenchymal,rbbp4,0,0.644503282,0.659,0.28,0,,
Mesenchymal,ebna1bp2,0,0.643765364,0.659,0.177,0,,
